code,channel,batch,status,assigned_to,contact,redeemed_at,trial_expires_at,notes,created_at
BETA2025-0001,review,B1-评审#1-0719,used,,lawyer1@lexfirm.cn,2026-06-29T02:50:28.678001+00:00,2026-07-29T02:50:28.678001+00:00,"L1-单飞律师 (评审 #1, 民商/刑事)",2026-06-29 10:24:06
BETA2025-0002,review,B1-评审#1-0719,unused,,,,,"L2-小所合伙人 (评审 #1, 民商/合同)",2026-06-29 10:24:06
BETA2025-0003,review,B1-评审#1-0719,unused,,,,,"L3-小所婚姻家事 (评审 #1, 婚姻家事/合同)",2026-06-29 10:24:06
BETA2025-0004,review,B2-评审#2-0726,unused,,,,,"L4-中所合伙人 (评审 #2, 金融/商事)",2026-06-29 10:24:06
BETA2025-0005,review,B2-评审#2-0726,unused,,,,,"L5-企业法务总监 (评审 #2, 合同/合规)",2026-06-29 10:24:06
BETA2025-0006,wechat-group,WX-私域群,unused,,,,,微信群律师-第01号 (总指挥私域),2026-06-29 10:24:06
BETA2025-0007,wechat-group,WX-私域群,unused,,,,,微信群律师-第02号 (总指挥私域),2026-06-29 10:24:06
BETA2025-0008,wechat-group,WX-私域群,unused,,,,,微信群律师-第03号 (总指挥私域),2026-06-29 10:24:06
BETA2025-0009,wechat-group,WX-私域群,unused,,,,,微信群律师-第04号 (总指挥私域),2026-06-29 10:24:06
BETA2025-0010,wechat-group,WX-私域群,unused,,,,,微信群律师-第05号 (总指挥私域),2026-06-29 10:24:06
BETA2025-0011,wechat-group,WX-私域群,unused,,,,,微信群律师-第06号 (总指挥私域),2026-06-29 10:24:06
BETA2025-0012,wechat-group,WX-私域群,unused,,,,,微信群律师-第07号 (总指挥私域),2026-06-29 10:24:06
BETA2025-0013,wechat-group,WX-私域群,unused,,,,,微信群律师-第08号 (总指挥私域),2026-06-29 10:24:06
BETA2025-0014,wechat-group,WX-私域群,unused,,,,,微信群律师-第09号 (总指挥私域),2026-06-29 10:24:06
BETA2025-0015,wechat-group,WX-私域群,unused,,,,,微信群律师-第10号 (总指挥私域),2026-06-29 10:24:06
BETA2025-0016,founding-member,FM-创史001-100,unused,,,,,创史体验官-第001名 (¥449/年),2026-06-29 10:24:06
BETA2025-0017,founding-member,FM-创史001-100,unused,,,,,创史体验官-第002名 (¥449/年),2026-06-29 10:24:06
BETA2025-0018,founding-member,FM-创史001-100,unused,,,,,创史体验官-第003名 (¥449/年),2026-06-29 10:24:06
BETA2025-0019,founding-member,FM-创史001-100,unused,,,,,创史体验官-第004名 (¥449/年),2026-06-29 10:24:06
BETA2025-0020,founding-member,FM-创史001-100,unused,,,,,创史体验官-第005名 (¥449/年),2026-06-29 10:24:06
BETA2025-0021,founding-member,FM-创史001-100,unused,,,,,创史体验官-第006名 (¥449/年),2026-06-29 10:24:06
BETA2025-0022,founding-member,FM-创史001-100,unused,,,,,创史体验官-第007名 (¥449/年),2026-06-29 10:24:06
BETA2025-0023,founding-member,FM-创史001-100,unused,,,,,创史体验官-第008名 (¥449/年),2026-06-29 10:24:06
BETA2025-0024,founding-member,FM-创史001-100,unused,,,,,创史体验官-第009名 (¥449/年),2026-06-29 10:24:06
BETA2025-0025,founding-member,FM-创史001-100,unused,,,,,创史体验官-第010名 (¥449/年),2026-06-29 10:24:06
BETA2025-0026,founding-member,FM-创史001-100,unused,,,,,创史体验官-第011名 (¥449/年),2026-06-29 10:24:06
BETA2025-0027,founding-member,FM-创史001-100,unused,,,,,创史体验官-第012名 (¥449/年),2026-06-29 10:24:06
BETA2025-0028,founding-member,FM-创史001-100,unused,,,,,创史体验官-第013名 (¥449/年),2026-06-29 10:24:06
BETA2025-0029,founding-member,FM-创史001-100,unused,,,,,创史体验官-第014名 (¥449/年),2026-06-29 10:24:06
BETA2025-0030,founding-member,FM-创史001-100,unused,,,,,创史体验官-第015名 (¥449/年),2026-06-29 10:24:06
BETA2025-0031,founding-member,FM-创史001-100,unused,,,,,创史体验官-第016名 (¥449/年),2026-06-29 10:24:06
BETA2025-0032,founding-member,FM-创史001-100,unused,,,,,创史体验官-第017名 (¥449/年),2026-06-29 10:24:06
BETA2025-0033,founding-member,FM-创史001-100,unused,,,,,创史体验官-第018名 (¥449/年),2026-06-29 10:24:06
BETA2025-0034,founding-member,FM-创史001-100,unused,,,,,创史体验官-第019名 (¥449/年),2026-06-29 10:24:06
BETA2025-0035,founding-member,FM-创史001-100,unused,,,,,创史体验官-第020名 (¥449/年),2026-06-29 10:24:06
BETA2025-0036,founding-member,FM-创史001-100,unused,,,,,创史体验官-第021名 (¥449/年),2026-06-29 10:24:06
BETA2025-0037,founding-member,FM-创史001-100,unused,,,,,创史体验官-第022名 (¥449/年),2026-06-29 10:24:06
BETA2025-0038,founding-member,FM-创史001-100,unused,,,,,创史体验官-第023名 (¥449/年),2026-06-29 10:24:06
BETA2025-0039,founding-member,FM-创史001-100,unused,,,,,创史体验官-第024名 (¥449/年),2026-06-29 10:24:06
BETA2025-0040,founding-member,FM-创史001-100,unused,,,,,创史体验官-第025名 (¥449/年),2026-06-29 10:24:06
BETA2025-0041,founding-member,FM-创史001-100,unused,,,,,创史体验官-第026名 (¥449/年),2026-06-29 10:24:06
BETA2025-0042,founding-member,FM-创史001-100,unused,,,,,创史体验官-第027名 (¥449/年),2026-06-29 10:24:06
BETA2025-0043,founding-member,FM-创史001-100,unused,,,,,创史体验官-第028名 (¥449/年),2026-06-29 10:24:06
BETA2025-0044,founding-member,FM-创史001-100,unused,,,,,创史体验官-第029名 (¥449/年),2026-06-29 10:24:06
BETA2025-0045,founding-member,FM-创史001-100,unused,,,,,创史体验官-第030名 (¥449/年),2026-06-29 10:24:06
BETA2025-0046,founding-member,FM-创史001-100,unused,,,,,创史体验官-第031名 (¥449/年),2026-06-29 10:24:06
BETA2025-0047,founding-member,FM-创史001-100,unused,,,,,创史体验官-第032名 (¥449/年),2026-06-29 10:24:06
BETA2025-0048,founding-member,FM-创史001-100,unused,,,,,创史体验官-第033名 (¥449/年),2026-06-29 10:24:06
BETA2025-0049,founding-member,FM-创史001-100,unused,,,,,创史体验官-第034名 (¥449/年),2026-06-29 10:24:06
BETA2025-0050,founding-member,FM-创史001-100,unused,,,,,创史体验官-第035名 (¥449/年),2026-06-29 10:24:06
BETA2025-0051,founding-member,FM-创史001-100,unused,,,,,创史体验官-第036名 (¥449/年),2026-06-29 10:24:06
BETA2025-0052,founding-member,FM-创史001-100,unused,,,,,创史体验官-第037名 (¥449/年),2026-06-29 10:24:06
BETA2025-0053,founding-member,FM-创史001-100,unused,,,,,创史体验官-第038名 (¥449/年),2026-06-29 10:24:06
BETA2025-0054,founding-member,FM-创史001-100,unused,,,,,创史体验官-第039名 (¥449/年),2026-06-29 10:24:06
BETA2025-0055,founding-member,FM-创史001-100,unused,,,,,创史体验官-第040名 (¥449/年),2026-06-29 10:24:06
BETA2025-0056,founding-member,FM-创史001-100,unused,,,,,创史体验官-第041名 (¥449/年),2026-06-29 10:24:06
BETA2025-0057,founding-member,FM-创史001-100,unused,,,,,创史体验官-第042名 (¥449/年),2026-06-29 10:24:06
BETA2025-0058,founding-member,FM-创史001-100,unused,,,,,创史体验官-第043名 (¥449/年),2026-06-29 10:24:06
BETA2025-0059,founding-member,FM-创史001-100,unused,,,,,创史体验官-第044名 (¥449/年),2026-06-29 10:24:06
BETA2025-0060,founding-member,FM-创史001-100,unused,,,,,创史体验官-第045名 (¥449/年),2026-06-29 10:24:06
BETA2025-0061,founding-member,FM-创史001-100,unused,,,,,创史体验官-第046名 (¥449/年),2026-06-29 10:24:06
BETA2025-0062,founding-member,FM-创史001-100,unused,,,,,创史体验官-第047名 (¥449/年),2026-06-29 10:24:06
BETA2025-0063,founding-member,FM-创史001-100,unused,,,,,创史体验官-第048名 (¥449/年),2026-06-29 10:24:06
BETA2025-0064,founding-member,FM-创史001-100,unused,,,,,创史体验官-第049名 (¥449/年),2026-06-29 10:24:06
BETA2025-0065,founding-member,FM-创史001-100,unused,,,,,创史体验官-第050名 (¥449/年),2026-06-29 10:24:06
BETA2025-0066,founding-member,FM-创史001-100,unused,,,,,创史体验官-第051名 (¥449/年),2026-06-29 10:24:06
BETA2025-0067,founding-member,FM-创史001-100,unused,,,,,创史体验官-第052名 (¥449/年),2026-06-29 10:24:06
BETA2025-0068,founding-member,FM-创史001-100,unused,,,,,创史体验官-第053名 (¥449/年),2026-06-29 10:24:06
BETA2025-0069,founding-member,FM-创史001-100,unused,,,,,创史体验官-第054名 (¥449/年),2026-06-29 10:24:06
BETA2025-0070,founding-member,FM-创史001-100,unused,,,,,创史体验官-第055名 (¥449/年),2026-06-29 10:24:06
BETA2025-0071,founding-member,FM-创史001-100,unused,,,,,创史体验官-第056名 (¥449/年),2026-06-29 10:24:06
BETA2025-0072,founding-member,FM-创史001-100,unused,,,,,创史体验官-第057名 (¥449/年),2026-06-29 10:24:06
BETA2025-0073,founding-member,FM-创史001-100,unused,,,,,创史体验官-第058名 (¥449/年),2026-06-29 10:24:06
BETA2025-0074,founding-member,FM-创史001-100,unused,,,,,创史体验官-第059名 (¥449/年),2026-06-29 10:24:06
BETA2025-0075,founding-member,FM-创史001-100,unused,,,,,创史体验官-第060名 (¥449/年),2026-06-29 10:24:06
BETA2025-0076,founding-member,FM-创史001-100,unused,,,,,创史体验官-第061名 (¥449/年),2026-06-29 10:24:06
BETA2025-0077,founding-member,FM-创史001-100,unused,,,,,创史体验官-第062名 (¥449/年),2026-06-29 10:24:06
BETA2025-0078,founding-member,FM-创史001-100,unused,,,,,创史体验官-第063名 (¥449/年),2026-06-29 10:24:06
BETA2025-0079,founding-member,FM-创史001-100,unused,,,,,创史体验官-第064名 (¥449/年),2026-06-29 10:24:06
BETA2025-0080,founding-member,FM-创史001-100,unused,,,,,创史体验官-第065名 (¥449/年),2026-06-29 10:24:06
BETA2025-0081,founding-member,FM-创史001-100,unused,,,,,创史体验官-第066名 (¥449/年),2026-06-29 10:24:06
BETA2025-0082,founding-member,FM-创史001-100,unused,,,,,创史体验官-第067名 (¥449/年),2026-06-29 10:24:06
BETA2025-0083,founding-member,FM-创史001-100,unused,,,,,创史体验官-第068名 (¥449/年),2026-06-29 10:24:06
BETA2025-0084,founding-member,FM-创史001-100,unused,,,,,创史体验官-第069名 (¥449/年),2026-06-29 10:24:06
BETA2025-0085,founding-member,FM-创史001-100,unused,,,,,创史体验官-第070名 (¥449/年),2026-06-29 10:24:06
BETA2025-0086,founding-member,FM-创史001-100,unused,,,,,创史体验官-第071名 (¥449/年),2026-06-29 10:24:06
BETA2025-0087,founding-member,FM-创史001-100,unused,,,,,创史体验官-第072名 (¥449/年),2026-06-29 10:24:06
BETA2025-0088,founding-member,FM-创史001-100,unused,,,,,创史体验官-第073名 (¥449/年),2026-06-29 10:24:06
BETA2025-0089,founding-member,FM-创史001-100,unused,,,,,创史体验官-第074名 (¥449/年),2026-06-29 10:24:06
BETA2025-0090,founding-member,FM-创史001-100,unused,,,,,创史体验官-第075名 (¥449/年),2026-06-29 10:24:06
BETA2025-0091,founding-member,FM-创史001-100,unused,,,,,创史体验官-第076名 (¥449/年),2026-06-29 10:24:06
BETA2025-0092,founding-member,FM-创史001-100,unused,,,,,创史体验官-第077名 (¥449/年),2026-06-29 10:24:06
BETA2025-0093,founding-member,FM-创史001-100,unused,,,,,创史体验官-第078名 (¥449/年),2026-06-29 10:24:06
BETA2025-0094,founding-member,FM-创史001-100,unused,,,,,创史体验官-第079名 (¥449/年),2026-06-29 10:24:06
BETA2025-0095,founding-member,FM-创史001-100,unused,,,,,创史体验官-第080名 (¥449/年),2026-06-29 10:24:06
BETA2025-0096,founding-member,FM-创史001-100,unused,,,,,创史体验官-第081名 (¥449/年),2026-06-29 10:24:06
BETA2025-0097,founding-member,FM-创史001-100,unused,,,,,创史体验官-第082名 (¥449/年),2026-06-29 10:24:06
BETA2025-0098,founding-member,FM-创史001-100,unused,,,,,创史体验官-第083名 (¥449/年),2026-06-29 10:24:06
BETA2025-0099,founding-member,FM-创史001-100,unused,,,,,创史体验官-第084名 (¥449/年),2026-06-29 10:24:06
BETA2025-0100,founding-member,FM-创史001-100,unused,,,,,创史体验官-第085名 (¥449/年),2026-06-29 10:24:06
BETA2025-0101,founding-member,FM-创史001-100,unused,,,,,创史体验官-第086名 (¥449/年),2026-06-29 10:24:06
BETA2025-0102,founding-member,FM-创史001-100,unused,,,,,创史体验官-第087名 (¥449/年),2026-06-29 10:24:06
BETA2025-0103,founding-member,FM-创史001-100,unused,,,,,创史体验官-第088名 (¥449/年),2026-06-29 10:24:06
BETA2025-0104,founding-member,FM-创史001-100,unused,,,,,创史体验官-第089名 (¥449/年),2026-06-29 10:24:06
BETA2025-0105,founding-member,FM-创史001-100,unused,,,,,创史体验官-第090名 (¥449/年),2026-06-29 10:24:06
BETA2025-0106,founding-member,FM-创史001-100,unused,,,,,创史体验官-第091名 (¥449/年),2026-06-29 10:24:06
BETA2025-0107,founding-member,FM-创史001-100,unused,,,,,创史体验官-第092名 (¥449/年),2026-06-29 10:24:06
BETA2025-0108,founding-member,FM-创史001-100,unused,,,,,创史体验官-第093名 (¥449/年),2026-06-29 10:24:06
BETA2025-0109,founding-member,FM-创史001-100,unused,,,,,创史体验官-第094名 (¥449/年),2026-06-29 10:24:06
BETA2025-0110,founding-member,FM-创史001-100,unused,,,,,创史体验官-第095名 (¥449/年),2026-06-29 10:24:06
BETA2025-0111,founding-member,FM-创史001-100,unused,,,,,创史体验官-第096名 (¥449/年),2026-06-29 10:24:06
BETA2025-0112,founding-member,FM-创史001-100,unused,,,,,创史体验官-第097名 (¥449/年),2026-06-29 10:24:06
BETA2025-0113,founding-member,FM-创史001-100,unused,,,,,创史体验官-第098名 (¥449/年),2026-06-29 10:24:06
BETA2025-0114,founding-member,FM-创史001-100,unused,,,,,创史体验官-第099名 (¥449/年),2026-06-29 10:24:06
BETA2025-0115,founding-member,FM-创史001-100,unused,,,,,创史体验官-第100名 (¥449/年),2026-06-29 10:24:06
BETA2025-7410,review,B1-评审#1-0719,unused,,,,,admin 生成 2026-06-29T02:50:28.649906+00:00,2026-06-29T02:50:28.649925+00:00
BETA2025-1491,review,B1-评审#1-0719,unused,,,,,admin 生成 2026-06-29T02:50:28.657077+00:00,2026-06-29T02:50:28.657095+00:00
BETA2025-2876,review,B1-评审#1-0719,unused,,,,,admin 生成 2026-06-29T02:50:28.660671+00:00,2026-06-29T02:50:28.660687+00:00
BETA2025-2543,review,B1-评审#1-0719,unused,,,,,admin 生成 2026-06-29T02:50:28.664403+00:00,2026-06-29T02:50:28.664418+00:00
BETA2025-2929,review,B1-评审#1-0719,unused,,,,,admin 生成 2026-06-29T02:50:28.668419+00:00,2026-06-29T02:50:28.668435+00:00
BETA2025-0116,beta-1000,B2-公测-0809,unused,,,,,5-律所网络-001名 (¥899/年),2026-06-30 00:50:00
BETA2025-0117,beta-1000,B2-公测-0809,unused,,,,,5-律所网络-002名 (¥899/年),2026-06-30 00:50:00
BETA2025-0118,beta-1000,B2-公测-0809,unused,,,,,5-律所网络-003名 (¥899/年),2026-06-30 00:50:00
BETA2025-0119,beta-1000,B2-公测-0809,unused,,,,,5-律所网络-004名 (¥899/年),2026-06-30 00:50:00
BETA2025-0120,beta-1000,B2-公测-0809,unused,,,,,5-律所网络-005名 (¥899/年),2026-06-30 00:50:00
BETA2025-0121,beta-1000,B2-公测-0809,unused,,,,,5-律所网络-006名 (¥899/年),2026-06-30 00:50:00
BETA2025-0122,beta-1000,B2-公测-0809,unused,,,,,5-律所网络-007名 (¥899/年),2026-06-30 00:50:00
BETA2025-0123,beta-1000,B2-公测-0809,unused,,,,,5-律所网络-008名 (¥899/年),2026-06-30 00:50:00
BETA2025-0124,beta-1000,B2-公测-0809,unused,,,,,5-律所网络-009名 (¥899/年),2026-06-30 00:50:00
BETA2025-0125,beta-1000,B2-公测-0809,unused,,,,,5-律所网络-010名 (¥899/年),2026-06-30 00:50:00
BETA2025-0126,beta-1000,B2-公测-0809,unused,,,,,5-律所网络-011名 (¥899/年),2026-06-30 00:50:00
BETA2025-0127,beta-1000,B2-公测-0809,unused,,,,,5-律所网络-012名 (¥899/年),2026-06-30 00:50:00
BETA2025-0128,beta-1000,B2-公测-0809,unused,,,,,5-律所网络-013名 (¥899/年),2026-06-30 00:50:00
BETA2025-0129,beta-1000,B2-公测-0809,unused,,,,,5-律所网络-014名 (¥899/年),2026-06-30 00:50:00
BETA2025-0130,beta-1000,B2-公测-0809,unused,,,,,5-律所网络-015名 (¥899/年),2026-06-30 00:50:00
BETA2025-0131,beta-1000,B2-公测-0809,unused,,,,,5-律所网络-016名 (¥899/年),2026-06-30 00:50:00
BETA2025-0132,beta-1000,B2-公测-0809,unused,,,,,5-律所网络-017名 (¥899/年),2026-06-30 00:50:00
BETA2025-0133,beta-1000,B2-公测-0809,unused,,,,,5-律所网络-018名 (¥899/年),2026-06-30 00:50:00
BETA2025-0134,beta-1000,B2-公测-0809,unused,,,,,5-律所网络-019名 (¥899/年),2026-06-30 00:50:00
BETA2025-0135,beta-1000,B2-公测-0809,unused,,,,,5-律所网络-020名 (¥899/年),2026-06-30 00:50:00
BETA2025-0136,beta-1000,B2-公测-0809,unused,,,,,5-律所网络-021名 (¥899/年),2026-06-30 00:50:00
BETA2025-0137,beta-1000,B2-公测-0809,unused,,,,,5-律所网络-022名 (¥899/年),2026-06-30 00:50:00
BETA2025-0138,beta-1000,B2-公测-0809,unused,,,,,5-律所网络-023名 (¥899/年),2026-06-30 00:50:00
BETA2025-0139,beta-1000,B2-公测-0809,unused,,,,,5-律所网络-024名 (¥899/年),2026-06-30 00:50:00
BETA2025-0140,beta-1000,B2-公测-0809,unused,,,,,5-律所网络-025名 (¥899/年),2026-06-30 00:50:00
BETA2025-0141,beta-1000,B2-公测-0809,unused,,,,,5-律所网络-026名 (¥899/年),2026-06-30 00:50:00
BETA2025-0142,beta-1000,B2-公测-0809,unused,,,,,5-律所网络-027名 (¥899/年),2026-06-30 00:50:00
BETA2025-0143,beta-1000,B2-公测-0809,unused,,,,,5-律所网络-028名 (¥899/年),2026-06-30 00:50:00
BETA2025-0144,beta-1000,B2-公测-0809,unused,,,,,5-律所网络-029名 (¥899/年),2026-06-30 00:50:00
BETA2025-0145,beta-1000,B2-公测-0809,unused,,,,,5-律所网络-030名 (¥899/年),2026-06-30 00:50:00
BETA2025-0146,beta-1000,B2-公测-0809,unused,,,,,5-律所网络-031名 (¥899/年),2026-06-30 00:50:00
BETA2025-0147,beta-1000,B2-公测-0809,unused,,,,,5-律所网络-032名 (¥899/年),2026-06-30 00:50:00
BETA2025-0148,beta-1000,B2-公测-0809,unused,,,,,5-律所网络-033名 (¥899/年),2026-06-30 00:50:00
BETA2025-0149,beta-1000,B2-公测-0809,unused,,,,,5-律所网络-034名 (¥899/年),2026-06-30 00:50:00
BETA2025-0150,beta-1000,B2-公测-0809,unused,,,,,5-律所网络-035名 (¥899/年),2026-06-30 00:50:00
BETA2025-0151,beta-1000,B2-公测-0809,unused,,,,,5-律所网络-036名 (¥899/年),2026-06-30 00:50:00
BETA2025-0152,beta-1000,B2-公测-0809,unused,,,,,5-律所网络-037名 (¥899/年),2026-06-30 00:50:00
BETA2025-0153,beta-1000,B2-公测-0809,unused,,,,,5-律所网络-038名 (¥899/年),2026-06-30 00:50:00
BETA2025-0154,beta-1000,B2-公测-0809,unused,,,,,5-律所网络-039名 (¥899/年),2026-06-30 00:50:00
BETA2025-0155,beta-1000,B2-公测-0809,unused,,,,,5-律所网络-040名 (¥899/年),2026-06-30 00:50:00
BETA2025-0156,beta-1000,B2-公测-0809,unused,,,,,5-律所网络-041名 (¥899/年),2026-06-30 00:50:00
BETA2025-0157,beta-1000,B2-公测-0809,unused,,,,,5-律所网络-042名 (¥899/年),2026-06-30 00:50:00
BETA2025-0158,beta-1000,B2-公测-0809,unused,,,,,5-律所网络-043名 (¥899/年),2026-06-30 00:50:00
BETA2025-0159,beta-1000,B2-公测-0809,unused,,,,,5-律所网络-044名 (¥899/年),2026-06-30 00:50:00
BETA2025-0160,beta-1000,B2-公测-0809,unused,,,,,5-律所网络-045名 (¥899/年),2026-06-30 00:50:00
BETA2025-0161,beta-1000,B2-公测-0809,unused,,,,,5-律所网络-046名 (¥899/年),2026-06-30 00:50:00
BETA2025-0162,beta-1000,B2-公测-0809,unused,,,,,5-律所网络-047名 (¥899/年),2026-06-30 00:50:00
BETA2025-0163,beta-1000,B2-公测-0809,unused,,,,,5-律所网络-048名 (¥899/年),2026-06-30 00:50:00
BETA2025-0164,beta-1000,B2-公测-0809,unused,,,,,5-律所网络-049名 (¥899/年),2026-06-30 00:50:00
BETA2025-0165,beta-1000,B2-公测-0809,unused,,,,,5-律所网络-050名 (¥899/年),2026-06-30 00:50:00
BETA2025-0166,beta-1000,B2-公测-0809,unused,,,,,5-律所网络-051名 (¥899/年),2026-06-30 00:50:00
BETA2025-0167,beta-1000,B2-公测-0809,unused,,,,,5-律所网络-052名 (¥899/年),2026-06-30 00:50:00
BETA2025-0168,beta-1000,B2-公测-0809,unused,,,,,5-律所网络-053名 (¥899/年),2026-06-30 00:50:00
BETA2025-0169,beta-1000,B2-公测-0809,unused,,,,,5-律所网络-054名 (¥899/年),2026-06-30 00:50:00
BETA2025-0170,beta-1000,B2-公测-0809,unused,,,,,5-律所网络-055名 (¥899/年),2026-06-30 00:50:00
BETA2025-0171,beta-1000,B2-公测-0809,unused,,,,,5-律所网络-056名 (¥899/年),2026-06-30 00:50:00
BETA2025-0172,beta-1000,B2-公测-0809,unused,,,,,5-律所网络-057名 (¥899/年),2026-06-30 00:50:00
BETA2025-0173,beta-1000,B2-公测-0809,unused,,,,,5-律所网络-058名 (¥899/年),2026-06-30 00:50:00
BETA2025-0174,beta-1000,B2-公测-0809,unused,,,,,5-律所网络-059名 (¥899/年),2026-06-30 00:50:00
BETA2025-0175,beta-1000,B2-公测-0809,unused,,,,,5-律所网络-060名 (¥899/年),2026-06-30 00:50:00
BETA2025-0176,beta-1000,B2-公测-0809,unused,,,,,5-律所网络-061名 (¥899/年),2026-06-30 00:50:00
BETA2025-0177,beta-1000,B2-公测-0809,unused,,,,,5-律所网络-062名 (¥899/年),2026-06-30 00:50:00
BETA2025-0178,beta-1000,B2-公测-0809,unused,,,,,5-律所网络-063名 (¥899/年),2026-06-30 00:50:00
BETA2025-0179,beta-1000,B2-公测-0809,unused,,,,,5-律所网络-064名 (¥899/年),2026-06-30 00:50:00
BETA2025-0180,beta-1000,B2-公测-0809,unused,,,,,5-律所网络-065名 (¥899/年),2026-06-30 00:50:00
BETA2025-0181,beta-1000,B2-公测-0809,unused,,,,,5-律所网络-066名 (¥899/年),2026-06-30 00:50:00
BETA2025-0182,beta-1000,B2-公测-0809,unused,,,,,5-律所网络-067名 (¥899/年),2026-06-30 00:50:00
BETA2025-0183,beta-1000,B2-公测-0809,unused,,,,,5-律所网络-068名 (¥899/年),2026-06-30 00:50:00
BETA2025-0184,beta-1000,B2-公测-0809,unused,,,,,5-律所网络-069名 (¥899/年),2026-06-30 00:50:00
BETA2025-0185,beta-1000,B2-公测-0809,unused,,,,,5-律所网络-070名 (¥899/年),2026-06-30 00:50:00
BETA2025-0186,beta-1000,B2-公测-0809,unused,,,,,5-律所网络-071名 (¥899/年),2026-06-30 00:50:00
BETA2025-0187,beta-1000,B2-公测-0809,unused,,,,,5-律所网络-072名 (¥899/年),2026-06-30 00:50:00
BETA2025-0188,beta-1000,B2-公测-0809,unused,,,,,5-律所网络-073名 (¥899/年),2026-06-30 00:50:00
BETA2025-0189,beta-1000,B2-公测-0809,unused,,,,,5-律所网络-074名 (¥899/年),2026-06-30 00:50:00
BETA2025-0190,beta-1000,B2-公测-0809,unused,,,,,5-律所网络-075名 (¥899/年),2026-06-30 00:50:00
BETA2025-0191,beta-1000,B2-公测-0809,unused,,,,,5-律所网络-076名 (¥899/年),2026-06-30 00:50:00
BETA2025-0192,beta-1000,B2-公测-0809,unused,,,,,5-律所网络-077名 (¥899/年),2026-06-30 00:50:00
BETA2025-0193,beta-1000,B2-公测-0809,unused,,,,,5-律所网络-078名 (¥899/年),2026-06-30 00:50:00
BETA2025-0194,beta-1000,B2-公测-0809,unused,,,,,5-律所网络-079名 (¥899/年),2026-06-30 00:50:00
BETA2025-0195,beta-1000,B2-公测-0809,unused,,,,,5-律所网络-080名 (¥899/年),2026-06-30 00:50:00
BETA2025-0196,beta-1000,B2-公测-0809,unused,,,,,5-律所网络-081名 (¥899/年),2026-06-30 00:50:00
BETA2025-0197,beta-1000,B2-公测-0809,unused,,,,,5-律所网络-082名 (¥899/年),2026-06-30 00:50:00
BETA2025-0198,beta-1000,B2-公测-0809,unused,,,,,5-律所网络-083名 (¥899/年),2026-06-30 00:50:00
BETA2025-0199,beta-1000,B2-公测-0809,unused,,,,,5-律所网络-084名 (¥899/年),2026-06-30 00:50:00
BETA2025-0200,beta-1000,B2-公测-0809,unused,,,,,5-律所网络-085名 (¥899/年),2026-06-30 00:50:00
BETA2025-0201,beta-1000,B2-公测-0809,unused,,,,,5-律所网络-086名 (¥899/年),2026-06-30 00:50:00
BETA2025-0202,beta-1000,B2-公测-0809,unused,,,,,5-律所网络-087名 (¥899/年),2026-06-30 00:50:00
BETA2025-0203,beta-1000,B2-公测-0809,unused,,,,,5-律所网络-088名 (¥899/年),2026-06-30 00:50:00
BETA2025-0204,beta-1000,B2-公测-0809,unused,,,,,5-律所网络-089名 (¥899/年),2026-06-30 00:50:00
BETA2025-0205,beta-1000,B2-公测-0809,unused,,,,,5-律所网络-090名 (¥899/年),2026-06-30 00:50:00
BETA2025-0206,beta-1000,B2-公测-0809,unused,,,,,5-律所网络-091名 (¥899/年),2026-06-30 00:50:00
BETA2025-0207,beta-1000,B2-公测-0809,unused,,,,,5-律所网络-092名 (¥899/年),2026-06-30 00:50:00
BETA2025-0208,beta-1000,B2-公测-0809,unused,,,,,5-律所网络-093名 (¥899/年),2026-06-30 00:50:00
BETA2025-0209,beta-1000,B2-公测-0809,unused,,,,,5-律所网络-094名 (¥899/年),2026-06-30 00:50:00
BETA2025-0210,beta-1000,B2-公测-0809,unused,,,,,5-律所网络-095名 (¥899/年),2026-06-30 00:50:00
BETA2025-0211,beta-1000,B2-公测-0809,unused,,,,,5-律所网络-096名 (¥899/年),2026-06-30 00:50:00
BETA2025-0212,beta-1000,B2-公测-0809,unused,,,,,5-律所网络-097名 (¥899/年),2026-06-30 00:50:00
BETA2025-0213,beta-1000,B2-公测-0809,unused,,,,,5-律所网络-098名 (¥899/年),2026-06-30 00:50:00
BETA2025-0214,beta-1000,B2-公测-0809,unused,,,,,5-律所网络-099名 (¥899/年),2026-06-30 00:50:00
BETA2025-0215,beta-1000,B2-公测-0809,unused,,,,,5-律所网络-100名 (¥899/年),2026-06-30 00:50:00
BETA2025-0216,beta-1000,B2-公测-0809,unused,,,,,5-律所网络-101名 (¥899/年),2026-06-30 00:50:00
BETA2025-0217,beta-1000,B2-公测-0809,unused,,,,,5-律所网络-102名 (¥899/年),2026-06-30 00:50:00
BETA2025-0218,beta-1000,B2-公测-0809,unused,,,,,5-律所网络-103名 (¥899/年),2026-06-30 00:50:00
BETA2025-0219,beta-1000,B2-公测-0809,unused,,,,,5-律所网络-104名 (¥899/年),2026-06-30 00:50:00
BETA2025-0220,beta-1000,B2-公测-0809,unused,,,,,5-律所网络-105名 (¥899/年),2026-06-30 00:50:00
BETA2025-0221,beta-1000,B2-公测-0809,unused,,,,,5-律所网络-106名 (¥899/年),2026-06-30 00:50:00
BETA2025-0222,beta-1000,B2-公测-0809,unused,,,,,5-律所网络-107名 (¥899/年),2026-06-30 00:50:00
BETA2025-0223,beta-1000,B2-公测-0809,unused,,,,,5-律所网络-108名 (¥899/年),2026-06-30 00:50:00
BETA2025-0224,beta-1000,B2-公测-0809,unused,,,,,5-律所网络-109名 (¥899/年),2026-06-30 00:50:00
BETA2025-0225,beta-1000,B2-公测-0809,unused,,,,,5-律所网络-110名 (¥899/年),2026-06-30 00:50:00
BETA2025-0226,beta-1000,B2-公测-0809,unused,,,,,5-律所网络-111名 (¥899/年),2026-06-30 00:50:00
BETA2025-0227,beta-1000,B2-公测-0809,unused,,,,,5-律所网络-112名 (¥899/年),2026-06-30 00:50:00
BETA2025-0228,beta-1000,B2-公测-0809,unused,,,,,5-律所网络-113名 (¥899/年),2026-06-30 00:50:00
BETA2025-0229,beta-1000,B2-公测-0809,unused,,,,,5-律所网络-114名 (¥899/年),2026-06-30 00:50:00
BETA2025-0230,beta-1000,B2-公测-0809,unused,,,,,5-律所网络-115名 (¥899/年),2026-06-30 00:50:00
BETA2025-0231,beta-1000,B2-公测-0809,unused,,,,,5-律所网络-116名 (¥899/年),2026-06-30 00:50:00
BETA2025-0232,beta-1000,B2-公测-0809,unused,,,,,5-律所网络-117名 (¥899/年),2026-06-30 00:50:00
BETA2025-0233,beta-1000,B2-公测-0809,unused,,,,,5-律所网络-118名 (¥899/年),2026-06-30 00:50:00
BETA2025-0234,beta-1000,B2-公测-0809,unused,,,,,5-律所网络-119名 (¥899/年),2026-06-30 00:50:00
BETA2025-0235,beta-1000,B2-公测-0809,unused,,,,,5-律所网络-120名 (¥899/年),2026-06-30 00:50:00
BETA2025-0236,beta-1000,B2-公测-0809,unused,,,,,5-律所网络-121名 (¥899/年),2026-06-30 00:50:00
BETA2025-0237,beta-1000,B2-公测-0809,unused,,,,,5-律所网络-122名 (¥899/年),2026-06-30 00:50:00
BETA2025-0238,beta-1000,B2-公测-0809,unused,,,,,5-律所网络-123名 (¥899/年),2026-06-30 00:50:00
BETA2025-0239,beta-1000,B2-公测-0809,unused,,,,,5-律所网络-124名 (¥899/年),2026-06-30 00:50:00
BETA2025-0240,beta-1000,B2-公测-0809,unused,,,,,5-律所网络-125名 (¥899/年),2026-06-30 00:50:00
BETA2025-0241,beta-1000,B2-公测-0809,unused,,,,,5-律所网络-126名 (¥899/年),2026-06-30 00:50:00
BETA2025-0242,beta-1000,B2-公测-0809,unused,,,,,5-律所网络-127名 (¥899/年),2026-06-30 00:50:00
BETA2025-0243,beta-1000,B2-公测-0809,unused,,,,,5-律所网络-128名 (¥899/年),2026-06-30 00:50:00
BETA2025-0244,beta-1000,B2-公测-0809,unused,,,,,5-律所网络-129名 (¥899/年),2026-06-30 00:50:00
BETA2025-0245,beta-1000,B2-公测-0809,unused,,,,,5-律所网络-130名 (¥899/年),2026-06-30 00:50:00
BETA2025-0246,beta-1000,B2-公测-0809,unused,,,,,5-律所网络-131名 (¥899/年),2026-06-30 00:50:00
BETA2025-0247,beta-1000,B2-公测-0809,unused,,,,,5-律所网络-132名 (¥899/年),2026-06-30 00:50:00
BETA2025-0248,beta-1000,B2-公测-0809,unused,,,,,5-律所网络-133名 (¥899/年),2026-06-30 00:50:00
BETA2025-0249,beta-1000,B2-公测-0809,unused,,,,,5-律所网络-134名 (¥899/年),2026-06-30 00:50:00
BETA2025-0250,beta-1000,B2-公测-0809,unused,,,,,5-律所网络-135名 (¥899/年),2026-06-30 00:50:00
BETA2025-0251,beta-1000,B2-公测-0809,unused,,,,,5-律所网络-136名 (¥899/年),2026-06-30 00:50:00
BETA2025-0252,beta-1000,B2-公测-0809,unused,,,,,5-律所网络-137名 (¥899/年),2026-06-30 00:50:00
BETA2025-0253,beta-1000,B2-公测-0809,unused,,,,,5-律所网络-138名 (¥899/年),2026-06-30 00:50:00
BETA2025-0254,beta-1000,B2-公测-0809,unused,,,,,5-律所网络-139名 (¥899/年),2026-06-30 00:50:00
BETA2025-0255,beta-1000,B2-公测-0809,unused,,,,,5-律所网络-140名 (¥899/年),2026-06-30 00:50:00
BETA2025-0256,beta-1000,B2-公测-0809,unused,,,,,5-律所网络-141名 (¥899/年),2026-06-30 00:50:00
BETA2025-0257,beta-1000,B2-公测-0809,unused,,,,,5-律所网络-142名 (¥899/年),2026-06-30 00:50:00
BETA2025-0258,beta-1000,B2-公测-0809,unused,,,,,5-律所网络-143名 (¥899/年),2026-06-30 00:50:00
BETA2025-0259,beta-1000,B2-公测-0809,unused,,,,,5-律所网络-144名 (¥899/年),2026-06-30 00:50:00
BETA2025-0260,beta-1000,B2-公测-0809,unused,,,,,5-律所网络-145名 (¥899/年),2026-06-30 00:50:00
BETA2025-0261,beta-1000,B2-公测-0809,unused,,,,,5-律所网络-146名 (¥899/年),2026-06-30 00:50:00
BETA2025-0262,beta-1000,B2-公测-0809,unused,,,,,5-律所网络-147名 (¥899/年),2026-06-30 00:50:00
BETA2025-0263,beta-1000,B2-公测-0809,unused,,,,,5-律所网络-148名 (¥899/年),2026-06-30 00:50:00
BETA2025-0264,beta-1000,B2-公测-0809,unused,,,,,5-律所网络-149名 (¥899/年),2026-06-30 00:50:00
BETA2025-0265,beta-1000,B2-公测-0809,unused,,,,,5-律所网络-150名 (¥899/年),2026-06-30 00:50:00
BETA2025-0266,beta-1000,B2-公测-0809,unused,,,,,5-律所网络-151名 (¥899/年),2026-06-30 00:50:00
BETA2025-0267,beta-1000,B2-公测-0809,unused,,,,,5-律所网络-152名 (¥899/年),2026-06-30 00:50:00
BETA2025-0268,beta-1000,B2-公测-0809,unused,,,,,5-律所网络-153名 (¥899/年),2026-06-30 00:50:00
BETA2025-0269,beta-1000,B2-公测-0809,unused,,,,,5-律所网络-154名 (¥899/年),2026-06-30 00:50:00
BETA2025-0270,beta-1000,B2-公测-0809,unused,,,,,5-律所网络-155名 (¥899/年),2026-06-30 00:50:00
BETA2025-0271,beta-1000,B2-公测-0809,unused,,,,,5-律所网络-156名 (¥899/年),2026-06-30 00:50:00
BETA2025-0272,beta-1000,B2-公测-0809,unused,,,,,5-律所网络-157名 (¥899/年),2026-06-30 00:50:00
BETA2025-0273,beta-1000,B2-公测-0809,unused,,,,,5-律所网络-158名 (¥899/年),2026-06-30 00:50:00
BETA2025-0274,beta-1000,B2-公测-0809,unused,,,,,5-律所网络-159名 (¥899/年),2026-06-30 00:50:00
BETA2025-0275,beta-1000,B2-公测-0809,unused,,,,,5-律所网络-160名 (¥899/年),2026-06-30 00:50:00
BETA2025-0276,beta-1000,B2-公测-0809,unused,,,,,5-律所网络-161名 (¥899/年),2026-06-30 00:50:00
BETA2025-0277,beta-1000,B2-公测-0809,unused,,,,,5-律所网络-162名 (¥899/年),2026-06-30 00:50:00
BETA2025-0278,beta-1000,B2-公测-0809,unused,,,,,5-律所网络-163名 (¥899/年),2026-06-30 00:50:00
BETA2025-0279,beta-1000,B2-公测-0809,unused,,,,,5-律所网络-164名 (¥899/年),2026-06-30 00:50:00
BETA2025-0280,beta-1000,B2-公测-0809,unused,,,,,5-律所网络-165名 (¥899/年),2026-06-30 00:50:00
BETA2025-0281,beta-1000,B2-公测-0809,unused,,,,,5-律所网络-166名 (¥899/年),2026-06-30 00:50:00
BETA2025-0282,beta-1000,B2-公测-0809,unused,,,,,5-律所网络-167名 (¥899/年),2026-06-30 00:50:00
BETA2025-0283,beta-1000,B2-公测-0809,unused,,,,,5-律所网络-168名 (¥899/年),2026-06-30 00:50:00
BETA2025-0284,beta-1000,B2-公测-0809,unused,,,,,5-律所网络-169名 (¥899/年),2026-06-30 00:50:00
BETA2025-0285,beta-1000,B2-公测-0809,unused,,,,,5-律所网络-170名 (¥899/年),2026-06-30 00:50:00
BETA2025-0286,beta-1000,B2-公测-0809,unused,,,,,5-律所网络-171名 (¥899/年),2026-06-30 00:50:00
BETA2025-0287,beta-1000,B2-公测-0809,unused,,,,,5-律所网络-172名 (¥899/年),2026-06-30 00:50:00
BETA2025-0288,beta-1000,B2-公测-0809,unused,,,,,5-律所网络-173名 (¥899/年),2026-06-30 00:50:00
BETA2025-0289,beta-1000,B2-公测-0809,unused,,,,,5-律所网络-174名 (¥899/年),2026-06-30 00:50:00
BETA2025-0290,beta-1000,B2-公测-0809,unused,,,,,5-律所网络-175名 (¥899/年),2026-06-30 00:50:00
BETA2025-0291,beta-1000,B2-公测-0809,unused,,,,,5-律所网络-176名 (¥899/年),2026-06-30 00:50:00
BETA2025-0292,beta-1000,B2-公测-0809,unused,,,,,5-律所网络-177名 (¥899/年),2026-06-30 00:50:00
BETA2025-0293,beta-1000,B2-公测-0809,unused,,,,,5-律所网络-178名 (¥899/年),2026-06-30 00:50:00
BETA2025-0294,beta-1000,B2-公测-0809,unused,,,,,5-律所网络-179名 (¥899/年),2026-06-30 00:50:00
BETA2025-0295,beta-1000,B2-公测-0809,unused,,,,,5-律所网络-180名 (¥899/年),2026-06-30 00:50:00
BETA2025-0296,beta-1000,B2-公测-0809,unused,,,,,5-律所网络-181名 (¥899/年),2026-06-30 00:50:00
BETA2025-0297,beta-1000,B2-公测-0809,unused,,,,,5-律所网络-182名 (¥899/年),2026-06-30 00:50:00
BETA2025-0298,beta-1000,B2-公测-0809,unused,,,,,5-律所网络-183名 (¥899/年),2026-06-30 00:50:00
BETA2025-0299,beta-1000,B2-公测-0809,unused,,,,,5-律所网络-184名 (¥899/年),2026-06-30 00:50:00
BETA2025-0300,beta-1000,B2-公测-0809,unused,,,,,5-律所网络-185名 (¥899/年),2026-06-30 00:50:00
BETA2025-0301,beta-1000,B2-公测-0809,unused,,,,,5-律所网络-186名 (¥899/年),2026-06-30 00:50:00
BETA2025-0302,beta-1000,B2-公测-0809,unused,,,,,5-律所网络-187名 (¥899/年),2026-06-30 00:50:00
BETA2025-0303,beta-1000,B2-公测-0809,unused,,,,,5-律所网络-188名 (¥899/年),2026-06-30 00:50:00
BETA2025-0304,beta-1000,B2-公测-0809,unused,,,,,5-律所网络-189名 (¥899/年),2026-06-30 00:50:00
BETA2025-0305,beta-1000,B2-公测-0809,unused,,,,,5-律所网络-190名 (¥899/年),2026-06-30 00:50:00
BETA2025-0306,beta-1000,B2-公测-0809,unused,,,,,5-律所网络-191名 (¥899/年),2026-06-30 00:50:00
BETA2025-0307,beta-1000,B2-公测-0809,unused,,,,,5-律所网络-192名 (¥899/年),2026-06-30 00:50:00
BETA2025-0308,beta-1000,B2-公测-0809,unused,,,,,5-律所网络-193名 (¥899/年),2026-06-30 00:50:00
BETA2025-0309,beta-1000,B2-公测-0809,unused,,,,,5-律所网络-194名 (¥899/年),2026-06-30 00:50:00
BETA2025-0310,beta-1000,B2-公测-0809,unused,,,,,5-律所网络-195名 (¥899/年),2026-06-30 00:50:00
BETA2025-0311,beta-1000,B2-公测-0809,unused,,,,,5-律所网络-196名 (¥899/年),2026-06-30 00:50:00
BETA2025-0312,beta-1000,B2-公测-0809,unused,,,,,5-律所网络-197名 (¥899/年),2026-06-30 00:50:00
BETA2025-0313,beta-1000,B2-公测-0809,unused,,,,,5-律所网络-198名 (¥899/年),2026-06-30 00:50:00
BETA2025-0314,beta-1000,B2-公测-0809,unused,,,,,5-律所网络-199名 (¥899/年),2026-06-30 00:50:00
BETA2025-0315,beta-1000,B2-公测-0809,unused,,,,,5-律所网络-200名 (¥899/年),2026-06-30 00:50:00
BETA2025-0316,beta-1000,B2-公测-0809,unused,,,,,100-律师朋友圈-001名 (¥899/年),2026-06-30 00:50:00
BETA2025-0317,beta-1000,B2-公测-0809,unused,,,,,100-律师朋友圈-002名 (¥899/年),2026-06-30 00:50:00
BETA2025-0318,beta-1000,B2-公测-0809,unused,,,,,100-律师朋友圈-003名 (¥899/年),2026-06-30 00:50:00
BETA2025-0319,beta-1000,B2-公测-0809,unused,,,,,100-律师朋友圈-004名 (¥899/年),2026-06-30 00:50:00
BETA2025-0320,beta-1000,B2-公测-0809,unused,,,,,100-律师朋友圈-005名 (¥899/年),2026-06-30 00:50:00
BETA2025-0321,beta-1000,B2-公测-0809,unused,,,,,100-律师朋友圈-006名 (¥899/年),2026-06-30 00:50:00
BETA2025-0322,beta-1000,B2-公测-0809,unused,,,,,100-律师朋友圈-007名 (¥899/年),2026-06-30 00:50:00
BETA2025-0323,beta-1000,B2-公测-0809,unused,,,,,100-律师朋友圈-008名 (¥899/年),2026-06-30 00:50:00
BETA2025-0324,beta-1000,B2-公测-0809,unused,,,,,100-律师朋友圈-009名 (¥899/年),2026-06-30 00:50:00
BETA2025-0325,beta-1000,B2-公测-0809,unused,,,,,100-律师朋友圈-010名 (¥899/年),2026-06-30 00:50:00
BETA2025-0326,beta-1000,B2-公测-0809,unused,,,,,100-律师朋友圈-011名 (¥899/年),2026-06-30 00:50:00
BETA2025-0327,beta-1000,B2-公测-0809,unused,,,,,100-律师朋友圈-012名 (¥899/年),2026-06-30 00:50:00
BETA2025-0328,beta-1000,B2-公测-0809,unused,,,,,100-律师朋友圈-013名 (¥899/年),2026-06-30 00:50:00
BETA2025-0329,beta-1000,B2-公测-0809,unused,,,,,100-律师朋友圈-014名 (¥899/年),2026-06-30 00:50:00
BETA2025-0330,beta-1000,B2-公测-0809,unused,,,,,100-律师朋友圈-015名 (¥899/年),2026-06-30 00:50:00
BETA2025-0331,beta-1000,B2-公测-0809,unused,,,,,100-律师朋友圈-016名 (¥899/年),2026-06-30 00:50:00
BETA2025-0332,beta-1000,B2-公测-0809,unused,,,,,100-律师朋友圈-017名 (¥899/年),2026-06-30 00:50:00
BETA2025-0333,beta-1000,B2-公测-0809,unused,,,,,100-律师朋友圈-018名 (¥899/年),2026-06-30 00:50:00
BETA2025-0334,beta-1000,B2-公测-0809,unused,,,,,100-律师朋友圈-019名 (¥899/年),2026-06-30 00:50:00
BETA2025-0335,beta-1000,B2-公测-0809,unused,,,,,100-律师朋友圈-020名 (¥899/年),2026-06-30 00:50:00
BETA2025-0336,beta-1000,B2-公测-0809,unused,,,,,100-律师朋友圈-021名 (¥899/年),2026-06-30 00:50:00
BETA2025-0337,beta-1000,B2-公测-0809,unused,,,,,100-律师朋友圈-022名 (¥899/年),2026-06-30 00:50:00
BETA2025-0338,beta-1000,B2-公测-0809,unused,,,,,100-律师朋友圈-023名 (¥899/年),2026-06-30 00:50:00
BETA2025-0339,beta-1000,B2-公测-0809,unused,,,,,100-律师朋友圈-024名 (¥899/年),2026-06-30 00:50:00
BETA2025-0340,beta-1000,B2-公测-0809,unused,,,,,100-律师朋友圈-025名 (¥899/年),2026-06-30 00:50:00
BETA2025-0341,beta-1000,B2-公测-0809,unused,,,,,100-律师朋友圈-026名 (¥899/年),2026-06-30 00:50:00
BETA2025-0342,beta-1000,B2-公测-0809,unused,,,,,100-律师朋友圈-027名 (¥899/年),2026-06-30 00:50:00
BETA2025-0343,beta-1000,B2-公测-0809,unused,,,,,100-律师朋友圈-028名 (¥899/年),2026-06-30 00:50:00
BETA2025-0344,beta-1000,B2-公测-0809,unused,,,,,100-律师朋友圈-029名 (¥899/年),2026-06-30 00:50:00
BETA2025-0345,beta-1000,B2-公测-0809,unused,,,,,100-律师朋友圈-030名 (¥899/年),2026-06-30 00:50:00
BETA2025-0346,beta-1000,B2-公测-0809,unused,,,,,100-律师朋友圈-031名 (¥899/年),2026-06-30 00:50:00
BETA2025-0347,beta-1000,B2-公测-0809,unused,,,,,100-律师朋友圈-032名 (¥899/年),2026-06-30 00:50:00
BETA2025-0348,beta-1000,B2-公测-0809,unused,,,,,100-律师朋友圈-033名 (¥899/年),2026-06-30 00:50:00
BETA2025-0349,beta-1000,B2-公测-0809,unused,,,,,100-律师朋友圈-034名 (¥899/年),2026-06-30 00:50:00
BETA2025-0350,beta-1000,B2-公测-0809,unused,,,,,100-律师朋友圈-035名 (¥899/年),2026-06-30 00:50:00
BETA2025-0351,beta-1000,B2-公测-0809,unused,,,,,100-律师朋友圈-036名 (¥899/年),2026-06-30 00:50:00
BETA2025-0352,beta-1000,B2-公测-0809,unused,,,,,100-律师朋友圈-037名 (¥899/年),2026-06-30 00:50:00
BETA2025-0353,beta-1000,B2-公测-0809,unused,,,,,100-律师朋友圈-038名 (¥899/年),2026-06-30 00:50:00
BETA2025-0354,beta-1000,B2-公测-0809,unused,,,,,100-律师朋友圈-039名 (¥899/年),2026-06-30 00:50:00
BETA2025-0355,beta-1000,B2-公测-0809,unused,,,,,100-律师朋友圈-040名 (¥899/年),2026-06-30 00:50:00
BETA2025-0356,beta-1000,B2-公测-0809,unused,,,,,100-律师朋友圈-041名 (¥899/年),2026-06-30 00:50:00
BETA2025-0357,beta-1000,B2-公测-0809,unused,,,,,100-律师朋友圈-042名 (¥899/年),2026-06-30 00:50:00
BETA2025-0358,beta-1000,B2-公测-0809,unused,,,,,100-律师朋友圈-043名 (¥899/年),2026-06-30 00:50:00
BETA2025-0359,beta-1000,B2-公测-0809,unused,,,,,100-律师朋友圈-044名 (¥899/年),2026-06-30 00:50:00
BETA2025-0360,beta-1000,B2-公测-0809,unused,,,,,100-律师朋友圈-045名 (¥899/年),2026-06-30 00:50:00
BETA2025-0361,beta-1000,B2-公测-0809,unused,,,,,100-律师朋友圈-046名 (¥899/年),2026-06-30 00:50:00
BETA2025-0362,beta-1000,B2-公测-0809,unused,,,,,100-律师朋友圈-047名 (¥899/年),2026-06-30 00:50:00
BETA2025-0363,beta-1000,B2-公测-0809,unused,,,,,100-律师朋友圈-048名 (¥899/年),2026-06-30 00:50:00
BETA2025-0364,beta-1000,B2-公测-0809,unused,,,,,100-律师朋友圈-049名 (¥899/年),2026-06-30 00:50:00
BETA2025-0365,beta-1000,B2-公测-0809,unused,,,,,100-律师朋友圈-050名 (¥899/年),2026-06-30 00:50:00
BETA2025-0366,beta-1000,B2-公测-0809,unused,,,,,100-律师朋友圈-051名 (¥899/年),2026-06-30 00:50:00
BETA2025-0367,beta-1000,B2-公测-0809,unused,,,,,100-律师朋友圈-052名 (¥899/年),2026-06-30 00:50:00
BETA2025-0368,beta-1000,B2-公测-0809,unused,,,,,100-律师朋友圈-053名 (¥899/年),2026-06-30 00:50:00
BETA2025-0369,beta-1000,B2-公测-0809,unused,,,,,100-律师朋友圈-054名 (¥899/年),2026-06-30 00:50:00
BETA2025-0370,beta-1000,B2-公测-0809,unused,,,,,100-律师朋友圈-055名 (¥899/年),2026-06-30 00:50:00
BETA2025-0371,beta-1000,B2-公测-0809,unused,,,,,100-律师朋友圈-056名 (¥899/年),2026-06-30 00:50:00
BETA2025-0372,beta-1000,B2-公测-0809,unused,,,,,100-律师朋友圈-057名 (¥899/年),2026-06-30 00:50:00
BETA2025-0373,beta-1000,B2-公测-0809,unused,,,,,100-律师朋友圈-058名 (¥899/年),2026-06-30 00:50:00
BETA2025-0374,beta-1000,B2-公测-0809,unused,,,,,100-律师朋友圈-059名 (¥899/年),2026-06-30 00:50:00
BETA2025-0375,beta-1000,B2-公测-0809,unused,,,,,100-律师朋友圈-060名 (¥899/年),2026-06-30 00:50:00
BETA2025-0376,beta-1000,B2-公测-0809,unused,,,,,100-律师朋友圈-061名 (¥899/年),2026-06-30 00:50:00
BETA2025-0377,beta-1000,B2-公测-0809,unused,,,,,100-律师朋友圈-062名 (¥899/年),2026-06-30 00:50:00
BETA2025-0378,beta-1000,B2-公测-0809,unused,,,,,100-律师朋友圈-063名 (¥899/年),2026-06-30 00:50:00
BETA2025-0379,beta-1000,B2-公测-0809,unused,,,,,100-律师朋友圈-064名 (¥899/年),2026-06-30 00:50:00
BETA2025-0380,beta-1000,B2-公测-0809,unused,,,,,100-律师朋友圈-065名 (¥899/年),2026-06-30 00:50:00
BETA2025-0381,beta-1000,B2-公测-0809,unused,,,,,100-律师朋友圈-066名 (¥899/年),2026-06-30 00:50:00
BETA2025-0382,beta-1000,B2-公测-0809,unused,,,,,100-律师朋友圈-067名 (¥899/年),2026-06-30 00:50:00
BETA2025-0383,beta-1000,B2-公测-0809,unused,,,,,100-律师朋友圈-068名 (¥899/年),2026-06-30 00:50:00
BETA2025-0384,beta-1000,B2-公测-0809,unused,,,,,100-律师朋友圈-069名 (¥899/年),2026-06-30 00:50:00
BETA2025-0385,beta-1000,B2-公测-0809,unused,,,,,100-律师朋友圈-070名 (¥899/年),2026-06-30 00:50:00
BETA2025-0386,beta-1000,B2-公测-0809,unused,,,,,100-律师朋友圈-071名 (¥899/年),2026-06-30 00:50:00
BETA2025-0387,beta-1000,B2-公测-0809,unused,,,,,100-律师朋友圈-072名 (¥899/年),2026-06-30 00:50:00
BETA2025-0388,beta-1000,B2-公测-0809,unused,,,,,100-律师朋友圈-073名 (¥899/年),2026-06-30 00:50:00
BETA2025-0389,beta-1000,B2-公测-0809,unused,,,,,100-律师朋友圈-074名 (¥899/年),2026-06-30 00:50:00
BETA2025-0390,beta-1000,B2-公测-0809,unused,,,,,100-律师朋友圈-075名 (¥899/年),2026-06-30 00:50:00
BETA2025-0391,beta-1000,B2-公测-0809,unused,,,,,100-律师朋友圈-076名 (¥899/年),2026-06-30 00:50:00
BETA2025-0392,beta-1000,B2-公测-0809,unused,,,,,100-律师朋友圈-077名 (¥899/年),2026-06-30 00:50:00
BETA2025-0393,beta-1000,B2-公测-0809,unused,,,,,100-律师朋友圈-078名 (¥899/年),2026-06-30 00:50:00
BETA2025-0394,beta-1000,B2-公测-0809,unused,,,,,100-律师朋友圈-079名 (¥899/年),2026-06-30 00:50:00
BETA2025-0395,beta-1000,B2-公测-0809,unused,,,,,100-律师朋友圈-080名 (¥899/年),2026-06-30 00:50:00
BETA2025-0396,beta-1000,B2-公测-0809,unused,,,,,100-律师朋友圈-081名 (¥899/年),2026-06-30 00:50:00
BETA2025-0397,beta-1000,B2-公测-0809,unused,,,,,100-律师朋友圈-082名 (¥899/年),2026-06-30 00:50:00
BETA2025-0398,beta-1000,B2-公测-0809,unused,,,,,100-律师朋友圈-083名 (¥899/年),2026-06-30 00:50:00
BETA2025-0399,beta-1000,B2-公测-0809,unused,,,,,100-律师朋友圈-084名 (¥899/年),2026-06-30 00:50:00
BETA2025-0400,beta-1000,B2-公测-0809,unused,,,,,100-律师朋友圈-085名 (¥899/年),2026-06-30 00:50:00
BETA2025-0401,beta-1000,B2-公测-0809,unused,,,,,100-律师朋友圈-086名 (¥899/年),2026-06-30 00:50:00
BETA2025-0402,beta-1000,B2-公测-0809,unused,,,,,100-律师朋友圈-087名 (¥899/年),2026-06-30 00:50:00
BETA2025-0403,beta-1000,B2-公测-0809,unused,,,,,100-律师朋友圈-088名 (¥899/年),2026-06-30 00:50:00
BETA2025-0404,beta-1000,B2-公测-0809,unused,,,,,100-律师朋友圈-089名 (¥899/年),2026-06-30 00:50:00
BETA2025-0405,beta-1000,B2-公测-0809,unused,,,,,100-律师朋友圈-090名 (¥899/年),2026-06-30 00:50:00
BETA2025-0406,beta-1000,B2-公测-0809,unused,,,,,100-律师朋友圈-091名 (¥899/年),2026-06-30 00:50:00
BETA2025-0407,beta-1000,B2-公测-0809,unused,,,,,100-律师朋友圈-092名 (¥899/年),2026-06-30 00:50:00
BETA2025-0408,beta-1000,B2-公测-0809,unused,,,,,100-律师朋友圈-093名 (¥899/年),2026-06-30 00:50:00
BETA2025-0409,beta-1000,B2-公测-0809,unused,,,,,100-律师朋友圈-094名 (¥899/年),2026-06-30 00:50:00
BETA2025-0410,beta-1000,B2-公测-0809,unused,,,,,100-律师朋友圈-095名 (¥899/年),2026-06-30 00:50:00
BETA2025-0411,beta-1000,B2-公测-0809,unused,,,,,100-律师朋友圈-096名 (¥899/年),2026-06-30 00:50:00
BETA2025-0412,beta-1000,B2-公测-0809,unused,,,,,100-律师朋友圈-097名 (¥899/年),2026-06-30 00:50:00
BETA2025-0413,beta-1000,B2-公测-0809,unused,,,,,100-律师朋友圈-098名 (¥899/年),2026-06-30 00:50:00
BETA2025-0414,beta-1000,B2-公测-0809,unused,,,,,100-律师朋友圈-099名 (¥899/年),2026-06-30 00:50:00
BETA2025-0415,beta-1000,B2-公测-0809,unused,,,,,100-律师朋友圈-100名 (¥899/年),2026-06-30 00:50:00
BETA2025-0416,beta-1000,B2-公测-0809,unused,,,,,100-律师朋友圈-101名 (¥899/年),2026-06-30 00:50:00
BETA2025-0417,beta-1000,B2-公测-0809,unused,,,,,100-律师朋友圈-102名 (¥899/年),2026-06-30 00:50:00
BETA2025-0418,beta-1000,B2-公测-0809,unused,,,,,100-律师朋友圈-103名 (¥899/年),2026-06-30 00:50:00
BETA2025-0419,beta-1000,B2-公测-0809,unused,,,,,100-律师朋友圈-104名 (¥899/年),2026-06-30 00:50:00
BETA2025-0420,beta-1000,B2-公测-0809,unused,,,,,100-律师朋友圈-105名 (¥899/年),2026-06-30 00:50:00
BETA2025-0421,beta-1000,B2-公测-0809,unused,,,,,100-律师朋友圈-106名 (¥899/年),2026-06-30 00:50:00
BETA2025-0422,beta-1000,B2-公测-0809,unused,,,,,100-律师朋友圈-107名 (¥899/年),2026-06-30 00:50:00
BETA2025-0423,beta-1000,B2-公测-0809,unused,,,,,100-律师朋友圈-108名 (¥899/年),2026-06-30 00:50:00
BETA2025-0424,beta-1000,B2-公测-0809,unused,,,,,100-律师朋友圈-109名 (¥899/年),2026-06-30 00:50:00
BETA2025-0425,beta-1000,B2-公测-0809,unused,,,,,100-律师朋友圈-110名 (¥899/年),2026-06-30 00:50:00
BETA2025-0426,beta-1000,B2-公测-0809,unused,,,,,100-律师朋友圈-111名 (¥899/年),2026-06-30 00:50:00
BETA2025-0427,beta-1000,B2-公测-0809,unused,,,,,100-律师朋友圈-112名 (¥899/年),2026-06-30 00:50:00
BETA2025-0428,beta-1000,B2-公测-0809,unused,,,,,100-律师朋友圈-113名 (¥899/年),2026-06-30 00:50:00
BETA2025-0429,beta-1000,B2-公测-0809,unused,,,,,100-律师朋友圈-114名 (¥899/年),2026-06-30 00:50:00
BETA2025-0430,beta-1000,B2-公测-0809,unused,,,,,100-律师朋友圈-115名 (¥899/年),2026-06-30 00:50:00
BETA2025-0431,beta-1000,B2-公测-0809,unused,,,,,100-律师朋友圈-116名 (¥899/年),2026-06-30 00:50:00
BETA2025-0432,beta-1000,B2-公测-0809,unused,,,,,100-律师朋友圈-117名 (¥899/年),2026-06-30 00:50:00
BETA2025-0433,beta-1000,B2-公测-0809,unused,,,,,100-律师朋友圈-118名 (¥899/年),2026-06-30 00:50:00
BETA2025-0434,beta-1000,B2-公测-0809,unused,,,,,100-律师朋友圈-119名 (¥899/年),2026-06-30 00:50:00
BETA2025-0435,beta-1000,B2-公测-0809,unused,,,,,100-律师朋友圈-120名 (¥899/年),2026-06-30 00:50:00
BETA2025-0436,beta-1000,B2-公测-0809,unused,,,,,100-律师朋友圈-121名 (¥899/年),2026-06-30 00:50:00
BETA2025-0437,beta-1000,B2-公测-0809,unused,,,,,100-律师朋友圈-122名 (¥899/年),2026-06-30 00:50:00
BETA2025-0438,beta-1000,B2-公测-0809,unused,,,,,100-律师朋友圈-123名 (¥899/年),2026-06-30 00:50:00
BETA2025-0439,beta-1000,B2-公测-0809,unused,,,,,100-律师朋友圈-124名 (¥899/年),2026-06-30 00:50:00
BETA2025-0440,beta-1000,B2-公测-0809,unused,,,,,100-律师朋友圈-125名 (¥899/年),2026-06-30 00:50:00
BETA2025-0441,beta-1000,B2-公测-0809,unused,,,,,100-律师朋友圈-126名 (¥899/年),2026-06-30 00:50:00
BETA2025-0442,beta-1000,B2-公测-0809,unused,,,,,100-律师朋友圈-127名 (¥899/年),2026-06-30 00:50:00
BETA2025-0443,beta-1000,B2-公测-0809,unused,,,,,100-律师朋友圈-128名 (¥899/年),2026-06-30 00:50:00
BETA2025-0444,beta-1000,B2-公测-0809,unused,,,,,100-律师朋友圈-129名 (¥899/年),2026-06-30 00:50:00
BETA2025-0445,beta-1000,B2-公测-0809,unused,,,,,100-律师朋友圈-130名 (¥899/年),2026-06-30 00:50:00
BETA2025-0446,beta-1000,B2-公测-0809,unused,,,,,100-律师朋友圈-131名 (¥899/年),2026-06-30 00:50:00
BETA2025-0447,beta-1000,B2-公测-0809,unused,,,,,100-律师朋友圈-132名 (¥899/年),2026-06-30 00:50:00
BETA2025-0448,beta-1000,B2-公测-0809,unused,,,,,100-律师朋友圈-133名 (¥899/年),2026-06-30 00:50:00
BETA2025-0449,beta-1000,B2-公测-0809,unused,,,,,100-律师朋友圈-134名 (¥899/年),2026-06-30 00:50:00
BETA2025-0450,beta-1000,B2-公测-0809,unused,,,,,100-律师朋友圈-135名 (¥899/年),2026-06-30 00:50:00
BETA2025-0451,beta-1000,B2-公测-0809,unused,,,,,100-律师朋友圈-136名 (¥899/年),2026-06-30 00:50:00
BETA2025-0452,beta-1000,B2-公测-0809,unused,,,,,100-律师朋友圈-137名 (¥899/年),2026-06-30 00:50:00
BETA2025-0453,beta-1000,B2-公测-0809,unused,,,,,100-律师朋友圈-138名 (¥899/年),2026-06-30 00:50:00
BETA2025-0454,beta-1000,B2-公测-0809,unused,,,,,100-律师朋友圈-139名 (¥899/年),2026-06-30 00:50:00
BETA2025-0455,beta-1000,B2-公测-0809,unused,,,,,100-律师朋友圈-140名 (¥899/年),2026-06-30 00:50:00
BETA2025-0456,beta-1000,B2-公测-0809,unused,,,,,100-律师朋友圈-141名 (¥899/年),2026-06-30 00:50:00
BETA2025-0457,beta-1000,B2-公测-0809,unused,,,,,100-律师朋友圈-142名 (¥899/年),2026-06-30 00:50:00
BETA2025-0458,beta-1000,B2-公测-0809,unused,,,,,100-律师朋友圈-143名 (¥899/年),2026-06-30 00:50:00
BETA2025-0459,beta-1000,B2-公测-0809,unused,,,,,100-律师朋友圈-144名 (¥899/年),2026-06-30 00:50:00
BETA2025-0460,beta-1000,B2-公测-0809,unused,,,,,100-律师朋友圈-145名 (¥899/年),2026-06-30 00:50:00
BETA2025-0461,beta-1000,B2-公测-0809,unused,,,,,100-律师朋友圈-146名 (¥899/年),2026-06-30 00:50:00
BETA2025-0462,beta-1000,B2-公测-0809,unused,,,,,100-律师朋友圈-147名 (¥899/年),2026-06-30 00:50:00
BETA2025-0463,beta-1000,B2-公测-0809,unused,,,,,100-律师朋友圈-148名 (¥899/年),2026-06-30 00:50:00
BETA2025-0464,beta-1000,B2-公测-0809,unused,,,,,100-律师朋友圈-149名 (¥899/年),2026-06-30 00:50:00
BETA2025-0465,beta-1000,B2-公测-0809,unused,,,,,100-律师朋友圈-150名 (¥899/年),2026-06-30 00:50:00
BETA2025-0466,beta-1000,B2-公测-0809,unused,,,,,100-律师朋友圈-151名 (¥899/年),2026-06-30 00:50:00
BETA2025-0467,beta-1000,B2-公测-0809,unused,,,,,100-律师朋友圈-152名 (¥899/年),2026-06-30 00:50:00
BETA2025-0468,beta-1000,B2-公测-0809,unused,,,,,100-律师朋友圈-153名 (¥899/年),2026-06-30 00:50:00
BETA2025-0469,beta-1000,B2-公测-0809,unused,,,,,100-律师朋友圈-154名 (¥899/年),2026-06-30 00:50:00
BETA2025-0470,beta-1000,B2-公测-0809,unused,,,,,100-律师朋友圈-155名 (¥899/年),2026-06-30 00:50:00
BETA2025-0471,beta-1000,B2-公测-0809,unused,,,,,100-律师朋友圈-156名 (¥899/年),2026-06-30 00:50:00
BETA2025-0472,beta-1000,B2-公测-0809,unused,,,,,100-律师朋友圈-157名 (¥899/年),2026-06-30 00:50:00
BETA2025-0473,beta-1000,B2-公测-0809,unused,,,,,100-律师朋友圈-158名 (¥899/年),2026-06-30 00:50:00
BETA2025-0474,beta-1000,B2-公测-0809,unused,,,,,100-律师朋友圈-159名 (¥899/年),2026-06-30 00:50:00
BETA2025-0475,beta-1000,B2-公测-0809,unused,,,,,100-律师朋友圈-160名 (¥899/年),2026-06-30 00:50:00
BETA2025-0476,beta-1000,B2-公测-0809,unused,,,,,100-律师朋友圈-161名 (¥899/年),2026-06-30 00:50:00
BETA2025-0477,beta-1000,B2-公测-0809,unused,,,,,100-律师朋友圈-162名 (¥899/年),2026-06-30 00:50:00
BETA2025-0478,beta-1000,B2-公测-0809,unused,,,,,100-律师朋友圈-163名 (¥899/年),2026-06-30 00:50:00
BETA2025-0479,beta-1000,B2-公测-0809,unused,,,,,100-律师朋友圈-164名 (¥899/年),2026-06-30 00:50:00
BETA2025-0480,beta-1000,B2-公测-0809,unused,,,,,100-律师朋友圈-165名 (¥899/年),2026-06-30 00:50:00
BETA2025-0481,beta-1000,B2-公测-0809,unused,,,,,100-律师朋友圈-166名 (¥899/年),2026-06-30 00:50:00
BETA2025-0482,beta-1000,B2-公测-0809,unused,,,,,100-律师朋友圈-167名 (¥899/年),2026-06-30 00:50:00
BETA2025-0483,beta-1000,B2-公测-0809,unused,,,,,100-律师朋友圈-168名 (¥899/年),2026-06-30 00:50:00
BETA2025-0484,beta-1000,B2-公测-0809,unused,,,,,100-律师朋友圈-169名 (¥899/年),2026-06-30 00:50:00
BETA2025-0485,beta-1000,B2-公测-0809,unused,,,,,100-律师朋友圈-170名 (¥899/年),2026-06-30 00:50:00
BETA2025-0486,beta-1000,B2-公测-0809,unused,,,,,100-律师朋友圈-171名 (¥899/年),2026-06-30 00:50:00
BETA2025-0487,beta-1000,B2-公测-0809,unused,,,,,100-律师朋友圈-172名 (¥899/年),2026-06-30 00:50:00
BETA2025-0488,beta-1000,B2-公测-0809,unused,,,,,100-律师朋友圈-173名 (¥899/年),2026-06-30 00:50:00
BETA2025-0489,beta-1000,B2-公测-0809,unused,,,,,100-律师朋友圈-174名 (¥899/年),2026-06-30 00:50:00
BETA2025-0490,beta-1000,B2-公测-0809,unused,,,,,100-律师朋友圈-175名 (¥899/年),2026-06-30 00:50:00
BETA2025-0491,beta-1000,B2-公测-0809,unused,,,,,100-律师朋友圈-176名 (¥899/年),2026-06-30 00:50:00
BETA2025-0492,beta-1000,B2-公测-0809,unused,,,,,100-律师朋友圈-177名 (¥899/年),2026-06-30 00:50:00
BETA2025-0493,beta-1000,B2-公测-0809,unused,,,,,100-律师朋友圈-178名 (¥899/年),2026-06-30 00:50:00
BETA2025-0494,beta-1000,B2-公测-0809,unused,,,,,100-律师朋友圈-179名 (¥899/年),2026-06-30 00:50:00
BETA2025-0495,beta-1000,B2-公测-0809,unused,,,,,100-律师朋友圈-180名 (¥899/年),2026-06-30 00:50:00
BETA2025-0496,beta-1000,B2-公测-0809,unused,,,,,100-律师朋友圈-181名 (¥899/年),2026-06-30 00:50:00
BETA2025-0497,beta-1000,B2-公测-0809,unused,,,,,100-律师朋友圈-182名 (¥899/年),2026-06-30 00:50:00
BETA2025-0498,beta-1000,B2-公测-0809,unused,,,,,100-律师朋友圈-183名 (¥899/年),2026-06-30 00:50:00
BETA2025-0499,beta-1000,B2-公测-0809,unused,,,,,100-律师朋友圈-184名 (¥899/年),2026-06-30 00:50:00
BETA2025-0500,beta-1000,B2-公测-0809,unused,,,,,100-律师朋友圈-185名 (¥899/年),2026-06-30 00:50:00
BETA2025-0501,beta-1000,B2-公测-0809,unused,,,,,100-律师朋友圈-186名 (¥899/年),2026-06-30 00:50:00
BETA2025-0502,beta-1000,B2-公测-0809,unused,,,,,100-律师朋友圈-187名 (¥899/年),2026-06-30 00:50:00
BETA2025-0503,beta-1000,B2-公测-0809,unused,,,,,100-律师朋友圈-188名 (¥899/年),2026-06-30 00:50:00
BETA2025-0504,beta-1000,B2-公测-0809,unused,,,,,100-律师朋友圈-189名 (¥899/年),2026-06-30 00:50:00
BETA2025-0505,beta-1000,B2-公测-0809,unused,,,,,100-律师朋友圈-190名 (¥899/年),2026-06-30 00:50:00
BETA2025-0506,beta-1000,B2-公测-0809,unused,,,,,100-律师朋友圈-191名 (¥899/年),2026-06-30 00:50:00
BETA2025-0507,beta-1000,B2-公测-0809,unused,,,,,100-律师朋友圈-192名 (¥899/年),2026-06-30 00:50:00
BETA2025-0508,beta-1000,B2-公测-0809,unused,,,,,100-律师朋友圈-193名 (¥899/年),2026-06-30 00:50:00
BETA2025-0509,beta-1000,B2-公测-0809,unused,,,,,100-律师朋友圈-194名 (¥899/年),2026-06-30 00:50:00
BETA2025-0510,beta-1000,B2-公测-0809,unused,,,,,100-律师朋友圈-195名 (¥899/年),2026-06-30 00:50:00
BETA2025-0511,beta-1000,B2-公测-0809,unused,,,,,100-律师朋友圈-196名 (¥899/年),2026-06-30 00:50:00
BETA2025-0512,beta-1000,B2-公测-0809,unused,,,,,100-律师朋友圈-197名 (¥899/年),2026-06-30 00:50:00
BETA2025-0513,beta-1000,B2-公测-0809,unused,,,,,100-律师朋友圈-198名 (¥899/年),2026-06-30 00:50:00
BETA2025-0514,beta-1000,B2-公测-0809,unused,,,,,100-律师朋友圈-199名 (¥899/年),2026-06-30 00:50:00
BETA2025-0515,beta-1000,B2-公测-0809,unused,,,,,100-律师朋友圈-200名 (¥899/年),2026-06-30 00:50:00
BETA2025-0516,beta-1000,B2-公测-0809,unused,,,,,10-微信群-001名 (¥899/年),2026-06-30 00:50:00
BETA2025-0517,beta-1000,B2-公测-0809,unused,,,,,10-微信群-002名 (¥899/年),2026-06-30 00:50:00
BETA2025-0518,beta-1000,B2-公测-0809,unused,,,,,10-微信群-003名 (¥899/年),2026-06-30 00:50:00
BETA2025-0519,beta-1000,B2-公测-0809,unused,,,,,10-微信群-004名 (¥899/年),2026-06-30 00:50:00
BETA2025-0520,beta-1000,B2-公测-0809,unused,,,,,10-微信群-005名 (¥899/年),2026-06-30 00:50:00
BETA2025-0521,beta-1000,B2-公测-0809,unused,,,,,10-微信群-006名 (¥899/年),2026-06-30 00:50:00
BETA2025-0522,beta-1000,B2-公测-0809,unused,,,,,10-微信群-007名 (¥899/年),2026-06-30 00:50:00
BETA2025-0523,beta-1000,B2-公测-0809,unused,,,,,10-微信群-008名 (¥899/年),2026-06-30 00:50:00
BETA2025-0524,beta-1000,B2-公测-0809,unused,,,,,10-微信群-009名 (¥899/年),2026-06-30 00:50:00
BETA2025-0525,beta-1000,B2-公测-0809,unused,,,,,10-微信群-010名 (¥899/年),2026-06-30 00:50:00
BETA2025-0526,beta-1000,B2-公测-0809,unused,,,,,10-微信群-011名 (¥899/年),2026-06-30 00:50:00
BETA2025-0527,beta-1000,B2-公测-0809,unused,,,,,10-微信群-012名 (¥899/年),2026-06-30 00:50:00
BETA2025-0528,beta-1000,B2-公测-0809,unused,,,,,10-微信群-013名 (¥899/年),2026-06-30 00:50:00
BETA2025-0529,beta-1000,B2-公测-0809,unused,,,,,10-微信群-014名 (¥899/年),2026-06-30 00:50:00
BETA2025-0530,beta-1000,B2-公测-0809,unused,,,,,10-微信群-015名 (¥899/年),2026-06-30 00:50:00
BETA2025-0531,beta-1000,B2-公测-0809,unused,,,,,10-微信群-016名 (¥899/年),2026-06-30 00:50:00
BETA2025-0532,beta-1000,B2-公测-0809,unused,,,,,10-微信群-017名 (¥899/年),2026-06-30 00:50:00
BETA2025-0533,beta-1000,B2-公测-0809,unused,,,,,10-微信群-018名 (¥899/年),2026-06-30 00:50:00
BETA2025-0534,beta-1000,B2-公测-0809,unused,,,,,10-微信群-019名 (¥899/年),2026-06-30 00:50:00
BETA2025-0535,beta-1000,B2-公测-0809,unused,,,,,10-微信群-020名 (¥899/年),2026-06-30 00:50:00
BETA2025-0536,beta-1000,B2-公测-0809,unused,,,,,10-微信群-021名 (¥899/年),2026-06-30 00:50:00
BETA2025-0537,beta-1000,B2-公测-0809,unused,,,,,10-微信群-022名 (¥899/年),2026-06-30 00:50:00
BETA2025-0538,beta-1000,B2-公测-0809,unused,,,,,10-微信群-023名 (¥899/年),2026-06-30 00:50:00
BETA2025-0539,beta-1000,B2-公测-0809,unused,,,,,10-微信群-024名 (¥899/年),2026-06-30 00:50:00
BETA2025-0540,beta-1000,B2-公测-0809,unused,,,,,10-微信群-025名 (¥899/年),2026-06-30 00:50:00
BETA2025-0541,beta-1000,B2-公测-0809,unused,,,,,10-微信群-026名 (¥899/年),2026-06-30 00:50:00
BETA2025-0542,beta-1000,B2-公测-0809,unused,,,,,10-微信群-027名 (¥899/年),2026-06-30 00:50:00
BETA2025-0543,beta-1000,B2-公测-0809,unused,,,,,10-微信群-028名 (¥899/年),2026-06-30 00:50:00
BETA2025-0544,beta-1000,B2-公测-0809,unused,,,,,10-微信群-029名 (¥899/年),2026-06-30 00:50:00
BETA2025-0545,beta-1000,B2-公测-0809,unused,,,,,10-微信群-030名 (¥899/年),2026-06-30 00:50:00
BETA2025-0546,beta-1000,B2-公测-0809,unused,,,,,10-微信群-031名 (¥899/年),2026-06-30 00:50:00
BETA2025-0547,beta-1000,B2-公测-0809,unused,,,,,10-微信群-032名 (¥899/年),2026-06-30 00:50:00
BETA2025-0548,beta-1000,B2-公测-0809,unused,,,,,10-微信群-033名 (¥899/年),2026-06-30 00:50:00
BETA2025-0549,beta-1000,B2-公测-0809,unused,,,,,10-微信群-034名 (¥899/年),2026-06-30 00:50:00
BETA2025-0550,beta-1000,B2-公测-0809,unused,,,,,10-微信群-035名 (¥899/年),2026-06-30 00:50:00
BETA2025-0551,beta-1000,B2-公测-0809,unused,,,,,10-微信群-036名 (¥899/年),2026-06-30 00:50:00
BETA2025-0552,beta-1000,B2-公测-0809,unused,,,,,10-微信群-037名 (¥899/年),2026-06-30 00:50:00
BETA2025-0553,beta-1000,B2-公测-0809,unused,,,,,10-微信群-038名 (¥899/年),2026-06-30 00:50:00
BETA2025-0554,beta-1000,B2-公测-0809,unused,,,,,10-微信群-039名 (¥899/年),2026-06-30 00:50:00
BETA2025-0555,beta-1000,B2-公测-0809,unused,,,,,10-微信群-040名 (¥899/年),2026-06-30 00:50:00
BETA2025-0556,beta-1000,B2-公测-0809,unused,,,,,10-微信群-041名 (¥899/年),2026-06-30 00:50:00
BETA2025-0557,beta-1000,B2-公测-0809,unused,,,,,10-微信群-042名 (¥899/年),2026-06-30 00:50:00
BETA2025-0558,beta-1000,B2-公测-0809,unused,,,,,10-微信群-043名 (¥899/年),2026-06-30 00:50:00
BETA2025-0559,beta-1000,B2-公测-0809,unused,,,,,10-微信群-044名 (¥899/年),2026-06-30 00:50:00
BETA2025-0560,beta-1000,B2-公测-0809,unused,,,,,10-微信群-045名 (¥899/年),2026-06-30 00:50:00
BETA2025-0561,beta-1000,B2-公测-0809,unused,,,,,10-微信群-046名 (¥899/年),2026-06-30 00:50:00
BETA2025-0562,beta-1000,B2-公测-0809,unused,,,,,10-微信群-047名 (¥899/年),2026-06-30 00:50:00
BETA2025-0563,beta-1000,B2-公测-0809,unused,,,,,10-微信群-048名 (¥899/年),2026-06-30 00:50:00
BETA2025-0564,beta-1000,B2-公测-0809,unused,,,,,10-微信群-049名 (¥899/年),2026-06-30 00:50:00
BETA2025-0565,beta-1000,B2-公测-0809,unused,,,,,10-微信群-050名 (¥899/年),2026-06-30 00:50:00
BETA2025-0566,beta-1000,B2-公测-0809,unused,,,,,10-微信群-051名 (¥899/年),2026-06-30 00:50:00
BETA2025-0567,beta-1000,B2-公测-0809,unused,,,,,10-微信群-052名 (¥899/年),2026-06-30 00:50:00
BETA2025-0568,beta-1000,B2-公测-0809,unused,,,,,10-微信群-053名 (¥899/年),2026-06-30 00:50:00
BETA2025-0569,beta-1000,B2-公测-0809,unused,,,,,10-微信群-054名 (¥899/年),2026-06-30 00:50:00
BETA2025-0570,beta-1000,B2-公测-0809,unused,,,,,10-微信群-055名 (¥899/年),2026-06-30 00:50:00
BETA2025-0571,beta-1000,B2-公测-0809,unused,,,,,10-微信群-056名 (¥899/年),2026-06-30 00:50:00
BETA2025-0572,beta-1000,B2-公测-0809,unused,,,,,10-微信群-057名 (¥899/年),2026-06-30 00:50:00
BETA2025-0573,beta-1000,B2-公测-0809,unused,,,,,10-微信群-058名 (¥899/年),2026-06-30 00:50:00
BETA2025-0574,beta-1000,B2-公测-0809,unused,,,,,10-微信群-059名 (¥899/年),2026-06-30 00:50:00
BETA2025-0575,beta-1000,B2-公测-0809,unused,,,,,10-微信群-060名 (¥899/年),2026-06-30 00:50:00
BETA2025-0576,beta-1000,B2-公测-0809,unused,,,,,10-微信群-061名 (¥899/年),2026-06-30 00:50:00
BETA2025-0577,beta-1000,B2-公测-0809,unused,,,,,10-微信群-062名 (¥899/年),2026-06-30 00:50:00
BETA2025-0578,beta-1000,B2-公测-0809,unused,,,,,10-微信群-063名 (¥899/年),2026-06-30 00:50:00
BETA2025-0579,beta-1000,B2-公测-0809,unused,,,,,10-微信群-064名 (¥899/年),2026-06-30 00:50:00
BETA2025-0580,beta-1000,B2-公测-0809,unused,,,,,10-微信群-065名 (¥899/年),2026-06-30 00:50:00
BETA2025-0581,beta-1000,B2-公测-0809,unused,,,,,10-微信群-066名 (¥899/年),2026-06-30 00:50:00
BETA2025-0582,beta-1000,B2-公测-0809,unused,,,,,10-微信群-067名 (¥899/年),2026-06-30 00:50:00
BETA2025-0583,beta-1000,B2-公测-0809,unused,,,,,10-微信群-068名 (¥899/年),2026-06-30 00:50:00
BETA2025-0584,beta-1000,B2-公测-0809,unused,,,,,10-微信群-069名 (¥899/年),2026-06-30 00:50:00
BETA2025-0585,beta-1000,B2-公测-0809,unused,,,,,10-微信群-070名 (¥899/年),2026-06-30 00:50:00
BETA2025-0586,beta-1000,B2-公测-0809,unused,,,,,10-微信群-071名 (¥899/年),2026-06-30 00:50:00
BETA2025-0587,beta-1000,B2-公测-0809,unused,,,,,10-微信群-072名 (¥899/年),2026-06-30 00:50:00
BETA2025-0588,beta-1000,B2-公测-0809,unused,,,,,10-微信群-073名 (¥899/年),2026-06-30 00:50:00
BETA2025-0589,beta-1000,B2-公测-0809,unused,,,,,10-微信群-074名 (¥899/年),2026-06-30 00:50:00
BETA2025-0590,beta-1000,B2-公测-0809,unused,,,,,10-微信群-075名 (¥899/年),2026-06-30 00:50:00
BETA2025-0591,beta-1000,B2-公测-0809,unused,,,,,10-微信群-076名 (¥899/年),2026-06-30 00:50:00
BETA2025-0592,beta-1000,B2-公测-0809,unused,,,,,10-微信群-077名 (¥899/年),2026-06-30 00:50:00
BETA2025-0593,beta-1000,B2-公测-0809,unused,,,,,10-微信群-078名 (¥899/年),2026-06-30 00:50:00
BETA2025-0594,beta-1000,B2-公测-0809,unused,,,,,10-微信群-079名 (¥899/年),2026-06-30 00:50:00
BETA2025-0595,beta-1000,B2-公测-0809,unused,,,,,10-微信群-080名 (¥899/年),2026-06-30 00:50:00
BETA2025-0596,beta-1000,B2-公测-0809,unused,,,,,10-微信群-081名 (¥899/年),2026-06-30 00:50:00
BETA2025-0597,beta-1000,B2-公测-0809,unused,,,,,10-微信群-082名 (¥899/年),2026-06-30 00:50:00
BETA2025-0598,beta-1000,B2-公测-0809,unused,,,,,10-微信群-083名 (¥899/年),2026-06-30 00:50:00
BETA2025-0599,beta-1000,B2-公测-0809,unused,,,,,10-微信群-084名 (¥899/年),2026-06-30 00:50:00
BETA2025-0600,beta-1000,B2-公测-0809,unused,,,,,10-微信群-085名 (¥899/年),2026-06-30 00:50:00
BETA2025-0601,beta-1000,B2-公测-0809,unused,,,,,10-微信群-086名 (¥899/年),2026-06-30 00:50:00
BETA2025-0602,beta-1000,B2-公测-0809,unused,,,,,10-微信群-087名 (¥899/年),2026-06-30 00:50:00
BETA2025-0603,beta-1000,B2-公测-0809,unused,,,,,10-微信群-088名 (¥899/年),2026-06-30 00:50:00
BETA2025-0604,beta-1000,B2-公测-0809,unused,,,,,10-微信群-089名 (¥899/年),2026-06-30 00:50:00
BETA2025-0605,beta-1000,B2-公测-0809,unused,,,,,10-微信群-090名 (¥899/年),2026-06-30 00:50:00
BETA2025-0606,beta-1000,B2-公测-0809,unused,,,,,10-微信群-091名 (¥899/年),2026-06-30 00:50:00
BETA2025-0607,beta-1000,B2-公测-0809,unused,,,,,10-微信群-092名 (¥899/年),2026-06-30 00:50:00
BETA2025-0608,beta-1000,B2-公测-0809,unused,,,,,10-微信群-093名 (¥899/年),2026-06-30 00:50:00
BETA2025-0609,beta-1000,B2-公测-0809,unused,,,,,10-微信群-094名 (¥899/年),2026-06-30 00:50:00
BETA2025-0610,beta-1000,B2-公测-0809,unused,,,,,10-微信群-095名 (¥899/年),2026-06-30 00:50:00
BETA2025-0611,beta-1000,B2-公测-0809,unused,,,,,10-微信群-096名 (¥899/年),2026-06-30 00:50:00
BETA2025-0612,beta-1000,B2-公测-0809,unused,,,,,10-微信群-097名 (¥899/年),2026-06-30 00:50:00
BETA2025-0613,beta-1000,B2-公测-0809,unused,,,,,10-微信群-098名 (¥899/年),2026-06-30 00:50:00
BETA2025-0614,beta-1000,B2-公测-0809,unused,,,,,10-微信群-099名 (¥899/年),2026-06-30 00:50:00
BETA2025-0615,beta-1000,B2-公测-0809,unused,,,,,10-微信群-100名 (¥899/年),2026-06-30 00:50:00
BETA2025-0616,beta-1000,B2-公测-0809,unused,,,,,10-微信群-101名 (¥899/年),2026-06-30 00:50:00
BETA2025-0617,beta-1000,B2-公测-0809,unused,,,,,10-微信群-102名 (¥899/年),2026-06-30 00:50:00
BETA2025-0618,beta-1000,B2-公测-0809,unused,,,,,10-微信群-103名 (¥899/年),2026-06-30 00:50:00
BETA2025-0619,beta-1000,B2-公测-0809,unused,,,,,10-微信群-104名 (¥899/年),2026-06-30 00:50:00
BETA2025-0620,beta-1000,B2-公测-0809,unused,,,,,10-微信群-105名 (¥899/年),2026-06-30 00:50:00
BETA2025-0621,beta-1000,B2-公测-0809,unused,,,,,10-微信群-106名 (¥899/年),2026-06-30 00:50:00
BETA2025-0622,beta-1000,B2-公测-0809,unused,,,,,10-微信群-107名 (¥899/年),2026-06-30 00:50:00
BETA2025-0623,beta-1000,B2-公测-0809,unused,,,,,10-微信群-108名 (¥899/年),2026-06-30 00:50:00
BETA2025-0624,beta-1000,B2-公测-0809,unused,,,,,10-微信群-109名 (¥899/年),2026-06-30 00:50:00
BETA2025-0625,beta-1000,B2-公测-0809,unused,,,,,10-微信群-110名 (¥899/年),2026-06-30 00:50:00
BETA2025-0626,beta-1000,B2-公测-0809,unused,,,,,10-微信群-111名 (¥899/年),2026-06-30 00:50:00
BETA2025-0627,beta-1000,B2-公测-0809,unused,,,,,10-微信群-112名 (¥899/年),2026-06-30 00:50:00
BETA2025-0628,beta-1000,B2-公测-0809,unused,,,,,10-微信群-113名 (¥899/年),2026-06-30 00:50:00
BETA2025-0629,beta-1000,B2-公测-0809,unused,,,,,10-微信群-114名 (¥899/年),2026-06-30 00:50:00
BETA2025-0630,beta-1000,B2-公测-0809,unused,,,,,10-微信群-115名 (¥899/年),2026-06-30 00:50:00
BETA2025-0631,beta-1000,B2-公测-0809,unused,,,,,10-微信群-116名 (¥899/年),2026-06-30 00:50:00
BETA2025-0632,beta-1000,B2-公测-0809,unused,,,,,10-微信群-117名 (¥899/年),2026-06-30 00:50:00
BETA2025-0633,beta-1000,B2-公测-0809,unused,,,,,10-微信群-118名 (¥899/年),2026-06-30 00:50:00
BETA2025-0634,beta-1000,B2-公测-0809,unused,,,,,10-微信群-119名 (¥899/年),2026-06-30 00:50:00
BETA2025-0635,beta-1000,B2-公测-0809,unused,,,,,10-微信群-120名 (¥899/年),2026-06-30 00:50:00
BETA2025-0636,beta-1000,B2-公测-0809,unused,,,,,10-微信群-121名 (¥899/年),2026-06-30 00:50:00
BETA2025-0637,beta-1000,B2-公测-0809,unused,,,,,10-微信群-122名 (¥899/年),2026-06-30 00:50:00
BETA2025-0638,beta-1000,B2-公测-0809,unused,,,,,10-微信群-123名 (¥899/年),2026-06-30 00:50:00
BETA2025-0639,beta-1000,B2-公测-0809,unused,,,,,10-微信群-124名 (¥899/年),2026-06-30 00:50:00
BETA2025-0640,beta-1000,B2-公测-0809,unused,,,,,10-微信群-125名 (¥899/年),2026-06-30 00:50:00
BETA2025-0641,beta-1000,B2-公测-0809,unused,,,,,10-微信群-126名 (¥899/年),2026-06-30 00:50:00
BETA2025-0642,beta-1000,B2-公测-0809,unused,,,,,10-微信群-127名 (¥899/年),2026-06-30 00:50:00
BETA2025-0643,beta-1000,B2-公测-0809,unused,,,,,10-微信群-128名 (¥899/年),2026-06-30 00:50:00
BETA2025-0644,beta-1000,B2-公测-0809,unused,,,,,10-微信群-129名 (¥899/年),2026-06-30 00:50:00
BETA2025-0645,beta-1000,B2-公测-0809,unused,,,,,10-微信群-130名 (¥899/年),2026-06-30 00:50:00
BETA2025-0646,beta-1000,B2-公测-0809,unused,,,,,10-微信群-131名 (¥899/年),2026-06-30 00:50:00
BETA2025-0647,beta-1000,B2-公测-0809,unused,,,,,10-微信群-132名 (¥899/年),2026-06-30 00:50:00
BETA2025-0648,beta-1000,B2-公测-0809,unused,,,,,10-微信群-133名 (¥899/年),2026-06-30 00:50:00
BETA2025-0649,beta-1000,B2-公测-0809,unused,,,,,10-微信群-134名 (¥899/年),2026-06-30 00:50:00
BETA2025-0650,beta-1000,B2-公测-0809,unused,,,,,10-微信群-135名 (¥899/年),2026-06-30 00:50:00
BETA2025-0651,beta-1000,B2-公测-0809,unused,,,,,10-微信群-136名 (¥899/年),2026-06-30 00:50:00
BETA2025-0652,beta-1000,B2-公测-0809,unused,,,,,10-微信群-137名 (¥899/年),2026-06-30 00:50:00
BETA2025-0653,beta-1000,B2-公测-0809,unused,,,,,10-微信群-138名 (¥899/年),2026-06-30 00:50:00
BETA2025-0654,beta-1000,B2-公测-0809,unused,,,,,10-微信群-139名 (¥899/年),2026-06-30 00:50:00
BETA2025-0655,beta-1000,B2-公测-0809,unused,,,,,10-微信群-140名 (¥899/年),2026-06-30 00:50:00
BETA2025-0656,beta-1000,B2-公测-0809,unused,,,,,10-微信群-141名 (¥899/年),2026-06-30 00:50:00
BETA2025-0657,beta-1000,B2-公测-0809,unused,,,,,10-微信群-142名 (¥899/年),2026-06-30 00:50:00
BETA2025-0658,beta-1000,B2-公测-0809,unused,,,,,10-微信群-143名 (¥899/年),2026-06-30 00:50:00
BETA2025-0659,beta-1000,B2-公测-0809,unused,,,,,10-微信群-144名 (¥899/年),2026-06-30 00:50:00
BETA2025-0660,beta-1000,B2-公测-0809,unused,,,,,10-微信群-145名 (¥899/年),2026-06-30 00:50:00
BETA2025-0661,beta-1000,B2-公测-0809,unused,,,,,10-微信群-146名 (¥899/年),2026-06-30 00:50:00
BETA2025-0662,beta-1000,B2-公测-0809,unused,,,,,10-微信群-147名 (¥899/年),2026-06-30 00:50:00
BETA2025-0663,beta-1000,B2-公测-0809,unused,,,,,10-微信群-148名 (¥899/年),2026-06-30 00:50:00
BETA2025-0664,beta-1000,B2-公测-0809,unused,,,,,10-微信群-149名 (¥899/年),2026-06-30 00:50:00
BETA2025-0665,beta-1000,B2-公测-0809,unused,,,,,10-微信群-150名 (¥899/年),2026-06-30 00:50:00
BETA2025-0666,beta-1000,B2-公测-0809,unused,,,,,10-微信群-151名 (¥899/年),2026-06-30 00:50:00
BETA2025-0667,beta-1000,B2-公测-0809,unused,,,,,10-微信群-152名 (¥899/年),2026-06-30 00:50:00
BETA2025-0668,beta-1000,B2-公测-0809,unused,,,,,10-微信群-153名 (¥899/年),2026-06-30 00:50:00
BETA2025-0669,beta-1000,B2-公测-0809,unused,,,,,10-微信群-154名 (¥899/年),2026-06-30 00:50:00
BETA2025-0670,beta-1000,B2-公测-0809,unused,,,,,10-微信群-155名 (¥899/年),2026-06-30 00:50:00
BETA2025-0671,beta-1000,B2-公测-0809,unused,,,,,10-微信群-156名 (¥899/年),2026-06-30 00:50:00
BETA2025-0672,beta-1000,B2-公测-0809,unused,,,,,10-微信群-157名 (¥899/年),2026-06-30 00:50:00
BETA2025-0673,beta-1000,B2-公测-0809,unused,,,,,10-微信群-158名 (¥899/年),2026-06-30 00:50:00
BETA2025-0674,beta-1000,B2-公测-0809,unused,,,,,10-微信群-159名 (¥899/年),2026-06-30 00:50:00
BETA2025-0675,beta-1000,B2-公测-0809,unused,,,,,10-微信群-160名 (¥899/年),2026-06-30 00:50:00
BETA2025-0676,beta-1000,B2-公测-0809,unused,,,,,10-微信群-161名 (¥899/年),2026-06-30 00:50:00
BETA2025-0677,beta-1000,B2-公测-0809,unused,,,,,10-微信群-162名 (¥899/年),2026-06-30 00:50:00
BETA2025-0678,beta-1000,B2-公测-0809,unused,,,,,10-微信群-163名 (¥899/年),2026-06-30 00:50:00
BETA2025-0679,beta-1000,B2-公测-0809,unused,,,,,10-微信群-164名 (¥899/年),2026-06-30 00:50:00
BETA2025-0680,beta-1000,B2-公测-0809,unused,,,,,10-微信群-165名 (¥899/年),2026-06-30 00:50:00
BETA2025-0681,beta-1000,B2-公测-0809,unused,,,,,10-微信群-166名 (¥899/年),2026-06-30 00:50:00
BETA2025-0682,beta-1000,B2-公测-0809,unused,,,,,10-微信群-167名 (¥899/年),2026-06-30 00:50:00
BETA2025-0683,beta-1000,B2-公测-0809,unused,,,,,10-微信群-168名 (¥899/年),2026-06-30 00:50:00
BETA2025-0684,beta-1000,B2-公测-0809,unused,,,,,10-微信群-169名 (¥899/年),2026-06-30 00:50:00
BETA2025-0685,beta-1000,B2-公测-0809,unused,,,,,10-微信群-170名 (¥899/年),2026-06-30 00:50:00
BETA2025-0686,beta-1000,B2-公测-0809,unused,,,,,10-微信群-171名 (¥899/年),2026-06-30 00:50:00
BETA2025-0687,beta-1000,B2-公测-0809,unused,,,,,10-微信群-172名 (¥899/年),2026-06-30 00:50:00
BETA2025-0688,beta-1000,B2-公测-0809,unused,,,,,10-微信群-173名 (¥899/年),2026-06-30 00:50:00
BETA2025-0689,beta-1000,B2-公测-0809,unused,,,,,10-微信群-174名 (¥899/年),2026-06-30 00:50:00
BETA2025-0690,beta-1000,B2-公测-0809,unused,,,,,10-微信群-175名 (¥899/年),2026-06-30 00:50:00
BETA2025-0691,beta-1000,B2-公测-0809,unused,,,,,10-微信群-176名 (¥899/年),2026-06-30 00:50:00
BETA2025-0692,beta-1000,B2-公测-0809,unused,,,,,10-微信群-177名 (¥899/年),2026-06-30 00:50:00
BETA2025-0693,beta-1000,B2-公测-0809,unused,,,,,10-微信群-178名 (¥899/年),2026-06-30 00:50:00
BETA2025-0694,beta-1000,B2-公测-0809,unused,,,,,10-微信群-179名 (¥899/年),2026-06-30 00:50:00
BETA2025-0695,beta-1000,B2-公测-0809,unused,,,,,10-微信群-180名 (¥899/年),2026-06-30 00:50:00
BETA2025-0696,beta-1000,B2-公测-0809,unused,,,,,10-微信群-181名 (¥899/年),2026-06-30 00:50:00
BETA2025-0697,beta-1000,B2-公测-0809,unused,,,,,10-微信群-182名 (¥899/年),2026-06-30 00:50:00
BETA2025-0698,beta-1000,B2-公测-0809,unused,,,,,10-微信群-183名 (¥899/年),2026-06-30 00:50:00
BETA2025-0699,beta-1000,B2-公测-0809,unused,,,,,10-微信群-184名 (¥899/年),2026-06-30 00:50:00
BETA2025-0700,beta-1000,B2-公测-0809,unused,,,,,10-微信群-185名 (¥899/年),2026-06-30 00:50:00
BETA2025-0701,beta-1000,B2-公测-0809,unused,,,,,10-微信群-186名 (¥899/年),2026-06-30 00:50:00
BETA2025-0702,beta-1000,B2-公测-0809,unused,,,,,10-微信群-187名 (¥899/年),2026-06-30 00:50:00
BETA2025-0703,beta-1000,B2-公测-0809,unused,,,,,10-微信群-188名 (¥899/年),2026-06-30 00:50:00
BETA2025-0704,beta-1000,B2-公测-0809,unused,,,,,10-微信群-189名 (¥899/年),2026-06-30 00:50:00
BETA2025-0705,beta-1000,B2-公测-0809,unused,,,,,10-微信群-190名 (¥899/年),2026-06-30 00:50:00
BETA2025-0706,beta-1000,B2-公测-0809,unused,,,,,10-微信群-191名 (¥899/年),2026-06-30 00:50:00
BETA2025-0707,beta-1000,B2-公测-0809,unused,,,,,10-微信群-192名 (¥899/年),2026-06-30 00:50:00
BETA2025-0708,beta-1000,B2-公测-0809,unused,,,,,10-微信群-193名 (¥899/年),2026-06-30 00:50:00
BETA2025-0709,beta-1000,B2-公测-0809,unused,,,,,10-微信群-194名 (¥899/年),2026-06-30 00:50:00
BETA2025-0710,beta-1000,B2-公测-0809,unused,,,,,10-微信群-195名 (¥899/年),2026-06-30 00:50:00
BETA2025-0711,beta-1000,B2-公测-0809,unused,,,,,10-微信群-196名 (¥899/年),2026-06-30 00:50:00
BETA2025-0712,beta-1000,B2-公测-0809,unused,,,,,10-微信群-197名 (¥899/年),2026-06-30 00:50:00
BETA2025-0713,beta-1000,B2-公测-0809,unused,,,,,10-微信群-198名 (¥899/年),2026-06-30 00:50:00
BETA2025-0714,beta-1000,B2-公测-0809,unused,,,,,10-微信群-199名 (¥899/年),2026-06-30 00:50:00
BETA2025-0715,beta-1000,B2-公测-0809,unused,,,,,10-微信群-200名 (¥899/年),2026-06-30 00:50:00
BETA2025-0716,beta-1000,B2-公测-0809,unused,,,,,10-微信群-201名 (¥899/年),2026-06-30 00:50:00
BETA2025-0717,beta-1000,B2-公测-0809,unused,,,,,10-微信群-202名 (¥899/年),2026-06-30 00:50:00
BETA2025-0718,beta-1000,B2-公测-0809,unused,,,,,10-微信群-203名 (¥899/年),2026-06-30 00:50:00
BETA2025-0719,beta-1000,B2-公测-0809,unused,,,,,10-微信群-204名 (¥899/年),2026-06-30 00:50:00
BETA2025-0720,beta-1000,B2-公测-0809,unused,,,,,10-微信群-205名 (¥899/年),2026-06-30 00:50:00
BETA2025-0721,beta-1000,B2-公测-0809,unused,,,,,10-微信群-206名 (¥899/年),2026-06-30 00:50:00
BETA2025-0722,beta-1000,B2-公测-0809,unused,,,,,10-微信群-207名 (¥899/年),2026-06-30 00:50:00
BETA2025-0723,beta-1000,B2-公测-0809,unused,,,,,10-微信群-208名 (¥899/年),2026-06-30 00:50:00
BETA2025-0724,beta-1000,B2-公测-0809,unused,,,,,10-微信群-209名 (¥899/年),2026-06-30 00:50:00
BETA2025-0725,beta-1000,B2-公测-0809,unused,,,,,10-微信群-210名 (¥899/年),2026-06-30 00:50:00
BETA2025-0726,beta-1000,B2-公测-0809,unused,,,,,10-微信群-211名 (¥899/年),2026-06-30 00:50:00
BETA2025-0727,beta-1000,B2-公测-0809,unused,,,,,10-微信群-212名 (¥899/年),2026-06-30 00:50:00
BETA2025-0728,beta-1000,B2-公测-0809,unused,,,,,10-微信群-213名 (¥899/年),2026-06-30 00:50:00
BETA2025-0729,beta-1000,B2-公测-0809,unused,,,,,10-微信群-214名 (¥899/年),2026-06-30 00:50:00
BETA2025-0730,beta-1000,B2-公测-0809,unused,,,,,10-微信群-215名 (¥899/年),2026-06-30 00:50:00
BETA2025-0731,beta-1000,B2-公测-0809,unused,,,,,10-微信群-216名 (¥899/年),2026-06-30 00:50:00
BETA2025-0732,beta-1000,B2-公测-0809,unused,,,,,10-微信群-217名 (¥899/年),2026-06-30 00:50:00
BETA2025-0733,beta-1000,B2-公测-0809,unused,,,,,10-微信群-218名 (¥899/年),2026-06-30 00:50:00
BETA2025-0734,beta-1000,B2-公测-0809,unused,,,,,10-微信群-219名 (¥899/年),2026-06-30 00:50:00
BETA2025-0735,beta-1000,B2-公测-0809,unused,,,,,10-微信群-220名 (¥899/年),2026-06-30 00:50:00
BETA2025-0736,beta-1000,B2-公测-0809,unused,,,,,10-微信群-221名 (¥899/年),2026-06-30 00:50:00
BETA2025-0737,beta-1000,B2-公测-0809,unused,,,,,10-微信群-222名 (¥899/年),2026-06-30 00:50:00
BETA2025-0738,beta-1000,B2-公测-0809,unused,,,,,10-微信群-223名 (¥899/年),2026-06-30 00:50:00
BETA2025-0739,beta-1000,B2-公测-0809,unused,,,,,10-微信群-224名 (¥899/年),2026-06-30 00:50:00
BETA2025-0740,beta-1000,B2-公测-0809,unused,,,,,10-微信群-225名 (¥899/年),2026-06-30 00:50:00
BETA2025-0741,beta-1000,B2-公测-0809,unused,,,,,10-微信群-226名 (¥899/年),2026-06-30 00:50:00
BETA2025-0742,beta-1000,B2-公测-0809,unused,,,,,10-微信群-227名 (¥899/年),2026-06-30 00:50:00
BETA2025-0743,beta-1000,B2-公测-0809,unused,,,,,10-微信群-228名 (¥899/年),2026-06-30 00:50:00
BETA2025-0744,beta-1000,B2-公测-0809,unused,,,,,10-微信群-229名 (¥899/年),2026-06-30 00:50:00
BETA2025-0745,beta-1000,B2-公测-0809,unused,,,,,10-微信群-230名 (¥899/年),2026-06-30 00:50:00
BETA2025-0746,beta-1000,B2-公测-0809,unused,,,,,10-微信群-231名 (¥899/年),2026-06-30 00:50:00
BETA2025-0747,beta-1000,B2-公测-0809,unused,,,,,10-微信群-232名 (¥899/年),2026-06-30 00:50:00
BETA2025-0748,beta-1000,B2-公测-0809,unused,,,,,10-微信群-233名 (¥899/年),2026-06-30 00:50:00
BETA2025-0749,beta-1000,B2-公测-0809,unused,,,,,10-微信群-234名 (¥899/年),2026-06-30 00:50:00
BETA2025-0750,beta-1000,B2-公测-0809,unused,,,,,10-微信群-235名 (¥899/年),2026-06-30 00:50:00
BETA2025-0751,beta-1000,B2-公测-0809,unused,,,,,10-微信群-236名 (¥899/年),2026-06-30 00:50:00
BETA2025-0752,beta-1000,B2-公测-0809,unused,,,,,10-微信群-237名 (¥899/年),2026-06-30 00:50:00
BETA2025-0753,beta-1000,B2-公测-0809,unused,,,,,10-微信群-238名 (¥899/年),2026-06-30 00:50:00
BETA2025-0754,beta-1000,B2-公测-0809,unused,,,,,10-微信群-239名 (¥899/年),2026-06-30 00:50:00
BETA2025-0755,beta-1000,B2-公测-0809,unused,,,,,10-微信群-240名 (¥899/年),2026-06-30 00:50:00
BETA2025-0756,beta-1000,B2-公测-0809,unused,,,,,10-微信群-241名 (¥899/年),2026-06-30 00:50:00
BETA2025-0757,beta-1000,B2-公测-0809,unused,,,,,10-微信群-242名 (¥899/年),2026-06-30 00:50:00
BETA2025-0758,beta-1000,B2-公测-0809,unused,,,,,10-微信群-243名 (¥899/年),2026-06-30 00:50:00
BETA2025-0759,beta-1000,B2-公测-0809,unused,,,,,10-微信群-244名 (¥899/年),2026-06-30 00:50:00
BETA2025-0760,beta-1000,B2-公测-0809,unused,,,,,10-微信群-245名 (¥899/年),2026-06-30 00:50:00
BETA2025-0761,beta-1000,B2-公测-0809,unused,,,,,10-微信群-246名 (¥899/年),2026-06-30 00:50:00
BETA2025-0762,beta-1000,B2-公测-0809,unused,,,,,10-微信群-247名 (¥899/年),2026-06-30 00:50:00
BETA2025-0763,beta-1000,B2-公测-0809,unused,,,,,10-微信群-248名 (¥899/年),2026-06-30 00:50:00
BETA2025-0764,beta-1000,B2-公测-0809,unused,,,,,10-微信群-249名 (¥899/年),2026-06-30 00:50:00
BETA2025-0765,beta-1000,B2-公测-0809,unused,,,,,10-微信群-250名 (¥899/年),2026-06-30 00:50:00
BETA2025-0766,beta-1000,B2-公测-0809,unused,,,,,5-公众号长文-001名 (¥899/年),2026-06-30 00:50:00
BETA2025-0767,beta-1000,B2-公测-0809,unused,,,,,5-公众号长文-002名 (¥899/年),2026-06-30 00:50:00
BETA2025-0768,beta-1000,B2-公测-0809,unused,,,,,5-公众号长文-003名 (¥899/年),2026-06-30 00:50:00
BETA2025-0769,beta-1000,B2-公测-0809,unused,,,,,5-公众号长文-004名 (¥899/年),2026-06-30 00:50:00
BETA2025-0770,beta-1000,B2-公测-0809,unused,,,,,5-公众号长文-005名 (¥899/年),2026-06-30 00:50:00
BETA2025-0771,beta-1000,B2-公测-0809,unused,,,,,5-公众号长文-006名 (¥899/年),2026-06-30 00:50:00
BETA2025-0772,beta-1000,B2-公测-0809,unused,,,,,5-公众号长文-007名 (¥899/年),2026-06-30 00:50:00
BETA2025-0773,beta-1000,B2-公测-0809,unused,,,,,5-公众号长文-008名 (¥899/年),2026-06-30 00:50:00
BETA2025-0774,beta-1000,B2-公测-0809,unused,,,,,5-公众号长文-009名 (¥899/年),2026-06-30 00:50:00
BETA2025-0775,beta-1000,B2-公测-0809,unused,,,,,5-公众号长文-010名 (¥899/年),2026-06-30 00:50:00
BETA2025-0776,beta-1000,B2-公测-0809,unused,,,,,5-公众号长文-011名 (¥899/年),2026-06-30 00:50:00
BETA2025-0777,beta-1000,B2-公测-0809,unused,,,,,5-公众号长文-012名 (¥899/年),2026-06-30 00:50:00
BETA2025-0778,beta-1000,B2-公测-0809,unused,,,,,5-公众号长文-013名 (¥899/年),2026-06-30 00:50:00
BETA2025-0779,beta-1000,B2-公测-0809,unused,,,,,5-公众号长文-014名 (¥899/年),2026-06-30 00:50:00
BETA2025-0780,beta-1000,B2-公测-0809,unused,,,,,5-公众号长文-015名 (¥899/年),2026-06-30 00:50:00
BETA2025-0781,beta-1000,B2-公测-0809,unused,,,,,5-公众号长文-016名 (¥899/年),2026-06-30 00:50:00
BETA2025-0782,beta-1000,B2-公测-0809,unused,,,,,5-公众号长文-017名 (¥899/年),2026-06-30 00:50:00
BETA2025-0783,beta-1000,B2-公测-0809,unused,,,,,5-公众号长文-018名 (¥899/年),2026-06-30 00:50:00
BETA2025-0784,beta-1000,B2-公测-0809,unused,,,,,5-公众号长文-019名 (¥899/年),2026-06-30 00:50:00
BETA2025-0785,beta-1000,B2-公测-0809,unused,,,,,5-公众号长文-020名 (¥899/年),2026-06-30 00:50:00
BETA2025-0786,beta-1000,B2-公测-0809,unused,,,,,5-公众号长文-021名 (¥899/年),2026-06-30 00:50:00
BETA2025-0787,beta-1000,B2-公测-0809,unused,,,,,5-公众号长文-022名 (¥899/年),2026-06-30 00:50:00
BETA2025-0788,beta-1000,B2-公测-0809,unused,,,,,5-公众号长文-023名 (¥899/年),2026-06-30 00:50:00
BETA2025-0789,beta-1000,B2-公测-0809,unused,,,,,5-公众号长文-024名 (¥899/年),2026-06-30 00:50:00
BETA2025-0790,beta-1000,B2-公测-0809,unused,,,,,5-公众号长文-025名 (¥899/年),2026-06-30 00:50:00
BETA2025-0791,beta-1000,B2-公测-0809,unused,,,,,5-公众号长文-026名 (¥899/年),2026-06-30 00:50:00
BETA2025-0792,beta-1000,B2-公测-0809,unused,,,,,5-公众号长文-027名 (¥899/年),2026-06-30 00:50:00
BETA2025-0793,beta-1000,B2-公测-0809,unused,,,,,5-公众号长文-028名 (¥899/年),2026-06-30 00:50:00
BETA2025-0794,beta-1000,B2-公测-0809,unused,,,,,5-公众号长文-029名 (¥899/年),2026-06-30 00:50:00
BETA2025-0795,beta-1000,B2-公测-0809,unused,,,,,5-公众号长文-030名 (¥899/年),2026-06-30 00:50:00
BETA2025-0796,beta-1000,B2-公测-0809,unused,,,,,5-公众号长文-031名 (¥899/年),2026-06-30 00:50:00
BETA2025-0797,beta-1000,B2-公测-0809,unused,,,,,5-公众号长文-032名 (¥899/年),2026-06-30 00:50:00
BETA2025-0798,beta-1000,B2-公测-0809,unused,,,,,5-公众号长文-033名 (¥899/年),2026-06-30 00:50:00
BETA2025-0799,beta-1000,B2-公测-0809,unused,,,,,5-公众号长文-034名 (¥899/年),2026-06-30 00:50:00
BETA2025-0800,beta-1000,B2-公测-0809,unused,,,,,5-公众号长文-035名 (¥899/年),2026-06-30 00:50:00
BETA2025-0801,beta-1000,B2-公测-0809,unused,,,,,5-公众号长文-036名 (¥899/年),2026-06-30 00:50:00
BETA2025-0802,beta-1000,B2-公测-0809,unused,,,,,5-公众号长文-037名 (¥899/年),2026-06-30 00:50:00
BETA2025-0803,beta-1000,B2-公测-0809,unused,,,,,5-公众号长文-038名 (¥899/年),2026-06-30 00:50:00
BETA2025-0804,beta-1000,B2-公测-0809,unused,,,,,5-公众号长文-039名 (¥899/年),2026-06-30 00:50:00
BETA2025-0805,beta-1000,B2-公测-0809,unused,,,,,5-公众号长文-040名 (¥899/年),2026-06-30 00:50:00
BETA2025-0806,beta-1000,B2-公测-0809,unused,,,,,5-公众号长文-041名 (¥899/年),2026-06-30 00:50:00
BETA2025-0807,beta-1000,B2-公测-0809,unused,,,,,5-公众号长文-042名 (¥899/年),2026-06-30 00:50:00
BETA2025-0808,beta-1000,B2-公测-0809,unused,,,,,5-公众号长文-043名 (¥899/年),2026-06-30 00:50:00
BETA2025-0809,beta-1000,B2-公测-0809,unused,,,,,5-公众号长文-044名 (¥899/年),2026-06-30 00:50:00
BETA2025-0810,beta-1000,B2-公测-0809,unused,,,,,5-公众号长文-045名 (¥899/年),2026-06-30 00:50:00
BETA2025-0811,beta-1000,B2-公测-0809,unused,,,,,5-公众号长文-046名 (¥899/年),2026-06-30 00:50:00
BETA2025-0812,beta-1000,B2-公测-0809,unused,,,,,5-公众号长文-047名 (¥899/年),2026-06-30 00:50:00
BETA2025-0813,beta-1000,B2-公测-0809,unused,,,,,5-公众号长文-048名 (¥899/年),2026-06-30 00:50:00
BETA2025-0814,beta-1000,B2-公测-0809,unused,,,,,5-公众号长文-049名 (¥899/年),2026-06-30 00:50:00
BETA2025-0815,beta-1000,B2-公测-0809,unused,,,,,5-公众号长文-050名 (¥899/年),2026-06-30 00:50:00
BETA2025-0816,beta-1000,B2-公测-0809,unused,,,,,5-公众号长文-051名 (¥899/年),2026-06-30 00:50:00
BETA2025-0817,beta-1000,B2-公测-0809,unused,,,,,5-公众号长文-052名 (¥899/年),2026-06-30 00:50:00
BETA2025-0818,beta-1000,B2-公测-0809,unused,,,,,5-公众号长文-053名 (¥899/年),2026-06-30 00:50:00
BETA2025-0819,beta-1000,B2-公测-0809,unused,,,,,5-公众号长文-054名 (¥899/年),2026-06-30 00:50:00
BETA2025-0820,beta-1000,B2-公测-0809,unused,,,,,5-公众号长文-055名 (¥899/年),2026-06-30 00:50:00
BETA2025-0821,beta-1000,B2-公测-0809,unused,,,,,5-公众号长文-056名 (¥899/年),2026-06-30 00:50:00
BETA2025-0822,beta-1000,B2-公测-0809,unused,,,,,5-公众号长文-057名 (¥899/年),2026-06-30 00:50:00
BETA2025-0823,beta-1000,B2-公测-0809,unused,,,,,5-公众号长文-058名 (¥899/年),2026-06-30 00:50:00
BETA2025-0824,beta-1000,B2-公测-0809,unused,,,,,5-公众号长文-059名 (¥899/年),2026-06-30 00:50:00
BETA2025-0825,beta-1000,B2-公测-0809,unused,,,,,5-公众号长文-060名 (¥899/年),2026-06-30 00:50:00
BETA2025-0826,beta-1000,B2-公测-0809,unused,,,,,5-公众号长文-061名 (¥899/年),2026-06-30 00:50:00
BETA2025-0827,beta-1000,B2-公测-0809,unused,,,,,5-公众号长文-062名 (¥899/年),2026-06-30 00:50:00
BETA2025-0828,beta-1000,B2-公测-0809,unused,,,,,5-公众号长文-063名 (¥899/年),2026-06-30 00:50:00
BETA2025-0829,beta-1000,B2-公测-0809,unused,,,,,5-公众号长文-064名 (¥899/年),2026-06-30 00:50:00
BETA2025-0830,beta-1000,B2-公测-0809,unused,,,,,5-公众号长文-065名 (¥899/年),2026-06-30 00:50:00
BETA2025-0831,beta-1000,B2-公测-0809,unused,,,,,5-公众号长文-066名 (¥899/年),2026-06-30 00:50:00
BETA2025-0832,beta-1000,B2-公测-0809,unused,,,,,5-公众号长文-067名 (¥899/年),2026-06-30 00:50:00
BETA2025-0833,beta-1000,B2-公测-0809,unused,,,,,5-公众号长文-068名 (¥899/年),2026-06-30 00:50:00
BETA2025-0834,beta-1000,B2-公测-0809,unused,,,,,5-公众号长文-069名 (¥899/年),2026-06-30 00:50:00
BETA2025-0835,beta-1000,B2-公测-0809,unused,,,,,5-公众号长文-070名 (¥899/年),2026-06-30 00:50:00
BETA2025-0836,beta-1000,B2-公测-0809,unused,,,,,5-公众号长文-071名 (¥899/年),2026-06-30 00:50:00
BETA2025-0837,beta-1000,B2-公测-0809,unused,,,,,5-公众号长文-072名 (¥899/年),2026-06-30 00:50:00
BETA2025-0838,beta-1000,B2-公测-0809,unused,,,,,5-公众号长文-073名 (¥899/年),2026-06-30 00:50:00
BETA2025-0839,beta-1000,B2-公测-0809,unused,,,,,5-公众号长文-074名 (¥899/年),2026-06-30 00:50:00
BETA2025-0840,beta-1000,B2-公测-0809,unused,,,,,5-公众号长文-075名 (¥899/年),2026-06-30 00:50:00
BETA2025-0841,beta-1000,B2-公测-0809,unused,,,,,5-公众号长文-076名 (¥899/年),2026-06-30 00:50:00
BETA2025-0842,beta-1000,B2-公测-0809,unused,,,,,5-公众号长文-077名 (¥899/年),2026-06-30 00:50:00
BETA2025-0843,beta-1000,B2-公测-0809,unused,,,,,5-公众号长文-078名 (¥899/年),2026-06-30 00:50:00
BETA2025-0844,beta-1000,B2-公测-0809,unused,,,,,5-公众号长文-079名 (¥899/年),2026-06-30 00:50:00
BETA2025-0845,beta-1000,B2-公测-0809,unused,,,,,5-公众号长文-080名 (¥899/年),2026-06-30 00:50:00
BETA2025-0846,beta-1000,B2-公测-0809,unused,,,,,5-公众号长文-081名 (¥899/年),2026-06-30 00:50:00
BETA2025-0847,beta-1000,B2-公测-0809,unused,,,,,5-公众号长文-082名 (¥899/年),2026-06-30 00:50:00
BETA2025-0848,beta-1000,B2-公测-0809,unused,,,,,5-公众号长文-083名 (¥899/年),2026-06-30 00:50:00
BETA2025-0849,beta-1000,B2-公测-0809,unused,,,,,5-公众号长文-084名 (¥899/年),2026-06-30 00:50:00
BETA2025-0850,beta-1000,B2-公测-0809,unused,,,,,5-公众号长文-085名 (¥899/年),2026-06-30 00:50:00
BETA2025-0851,beta-1000,B2-公测-0809,unused,,,,,5-公众号长文-086名 (¥899/年),2026-06-30 00:50:00
BETA2025-0852,beta-1000,B2-公测-0809,unused,,,,,5-公众号长文-087名 (¥899/年),2026-06-30 00:50:00
BETA2025-0853,beta-1000,B2-公测-0809,unused,,,,,5-公众号长文-088名 (¥899/年),2026-06-30 00:50:00
BETA2025-0854,beta-1000,B2-公测-0809,unused,,,,,5-公众号长文-089名 (¥899/年),2026-06-30 00:50:00
BETA2025-0855,beta-1000,B2-公测-0809,unused,,,,,5-公众号长文-090名 (¥899/年),2026-06-30 00:50:00
BETA2025-0856,beta-1000,B2-公测-0809,unused,,,,,5-公众号长文-091名 (¥899/年),2026-06-30 00:50:00
BETA2025-0857,beta-1000,B2-公测-0809,unused,,,,,5-公众号长文-092名 (¥899/年),2026-06-30 00:50:00
BETA2025-0858,beta-1000,B2-公测-0809,unused,,,,,5-公众号长文-093名 (¥899/年),2026-06-30 00:50:00
BETA2025-0859,beta-1000,B2-公测-0809,unused,,,,,5-公众号长文-094名 (¥899/年),2026-06-30 00:50:00
BETA2025-0860,beta-1000,B2-公测-0809,unused,,,,,5-公众号长文-095名 (¥899/年),2026-06-30 00:50:00
BETA2025-0861,beta-1000,B2-公测-0809,unused,,,,,5-公众号长文-096名 (¥899/年),2026-06-30 00:50:00
BETA2025-0862,beta-1000,B2-公测-0809,unused,,,,,5-公众号长文-097名 (¥899/年),2026-06-30 00:50:00
BETA2025-0863,beta-1000,B2-公测-0809,unused,,,,,5-公众号长文-098名 (¥899/年),2026-06-30 00:50:00
BETA2025-0864,beta-1000,B2-公测-0809,unused,,,,,5-公众号长文-099名 (¥899/年),2026-06-30 00:50:00
BETA2025-0865,beta-1000,B2-公测-0809,unused,,,,,5-公众号长文-100名 (¥899/年),2026-06-30 00:50:00
BETA2025-0866,beta-1000,B2-公测-0809,unused,,,,,5-公众号长文-101名 (¥899/年),2026-06-30 00:50:00
BETA2025-0867,beta-1000,B2-公测-0809,unused,,,,,5-公众号长文-102名 (¥899/年),2026-06-30 00:50:00
BETA2025-0868,beta-1000,B2-公测-0809,unused,,,,,5-公众号长文-103名 (¥899/年),2026-06-30 00:50:00
BETA2025-0869,beta-1000,B2-公测-0809,unused,,,,,5-公众号长文-104名 (¥899/年),2026-06-30 00:50:00
BETA2025-0870,beta-1000,B2-公测-0809,unused,,,,,5-公众号长文-105名 (¥899/年),2026-06-30 00:50:00
BETA2025-0871,beta-1000,B2-公测-0809,unused,,,,,5-公众号长文-106名 (¥899/年),2026-06-30 00:50:00
BETA2025-0872,beta-1000,B2-公测-0809,unused,,,,,5-公众号长文-107名 (¥899/年),2026-06-30 00:50:00
BETA2025-0873,beta-1000,B2-公测-0809,unused,,,,,5-公众号长文-108名 (¥899/年),2026-06-30 00:50:00
BETA2025-0874,beta-1000,B2-公测-0809,unused,,,,,5-公众号长文-109名 (¥899/年),2026-06-30 00:50:00
BETA2025-0875,beta-1000,B2-公测-0809,unused,,,,,5-公众号长文-110名 (¥899/年),2026-06-30 00:50:00
BETA2025-0876,beta-1000,B2-公测-0809,unused,,,,,5-公众号长文-111名 (¥899/年),2026-06-30 00:50:00
BETA2025-0877,beta-1000,B2-公测-0809,unused,,,,,5-公众号长文-112名 (¥899/年),2026-06-30 00:50:00
BETA2025-0878,beta-1000,B2-公测-0809,unused,,,,,5-公众号长文-113名 (¥899/年),2026-06-30 00:50:00
BETA2025-0879,beta-1000,B2-公测-0809,unused,,,,,5-公众号长文-114名 (¥899/年),2026-06-30 00:50:00
BETA2025-0880,beta-1000,B2-公测-0809,unused,,,,,5-公众号长文-115名 (¥899/年),2026-06-30 00:50:00
BETA2025-0881,beta-1000,B2-公测-0809,unused,,,,,5-公众号长文-116名 (¥899/年),2026-06-30 00:50:00
BETA2025-0882,beta-1000,B2-公测-0809,unused,,,,,5-公众号长文-117名 (¥899/年),2026-06-30 00:50:00
BETA2025-0883,beta-1000,B2-公测-0809,unused,,,,,5-公众号长文-118名 (¥899/年),2026-06-30 00:50:00
BETA2025-0884,beta-1000,B2-公测-0809,unused,,,,,5-公众号长文-119名 (¥899/年),2026-06-30 00:50:00
BETA2025-0885,beta-1000,B2-公测-0809,unused,,,,,5-公众号长文-120名 (¥899/年),2026-06-30 00:50:00
BETA2025-0886,beta-1000,B2-公测-0809,unused,,,,,5-公众号长文-121名 (¥899/年),2026-06-30 00:50:00
BETA2025-0887,beta-1000,B2-公测-0809,unused,,,,,5-公众号长文-122名 (¥899/年),2026-06-30 00:50:00
BETA2025-0888,beta-1000,B2-公测-0809,unused,,,,,5-公众号长文-123名 (¥899/年),2026-06-30 00:50:00
BETA2025-0889,beta-1000,B2-公测-0809,unused,,,,,5-公众号长文-124名 (¥899/年),2026-06-30 00:50:00
BETA2025-0890,beta-1000,B2-公测-0809,unused,,,,,5-公众号长文-125名 (¥899/年),2026-06-30 00:50:00
BETA2025-0891,beta-1000,B2-公测-0809,unused,,,,,5-公众号长文-126名 (¥899/年),2026-06-30 00:50:00
BETA2025-0892,beta-1000,B2-公测-0809,unused,,,,,5-公众号长文-127名 (¥899/年),2026-06-30 00:50:00
BETA2025-0893,beta-1000,B2-公测-0809,unused,,,,,5-公众号长文-128名 (¥899/年),2026-06-30 00:50:00
BETA2025-0894,beta-1000,B2-公测-0809,unused,,,,,5-公众号长文-129名 (¥899/年),2026-06-30 00:50:00
BETA2025-0895,beta-1000,B2-公测-0809,unused,,,,,5-公众号长文-130名 (¥899/年),2026-06-30 00:50:00
BETA2025-0896,beta-1000,B2-公测-0809,unused,,,,,5-公众号长文-131名 (¥899/年),2026-06-30 00:50:00
BETA2025-0897,beta-1000,B2-公测-0809,unused,,,,,5-公众号长文-132名 (¥899/年),2026-06-30 00:50:00
BETA2025-0898,beta-1000,B2-公测-0809,unused,,,,,5-公众号长文-133名 (¥899/年),2026-06-30 00:50:00
BETA2025-0899,beta-1000,B2-公测-0809,unused,,,,,5-公众号长文-134名 (¥899/年),2026-06-30 00:50:00
BETA2025-0900,beta-1000,B2-公测-0809,unused,,,,,5-公众号长文-135名 (¥899/年),2026-06-30 00:50:00
BETA2025-0901,beta-1000,B2-公测-0809,unused,,,,,5-公众号长文-136名 (¥899/年),2026-06-30 00:50:00
BETA2025-0902,beta-1000,B2-公测-0809,unused,,,,,5-公众号长文-137名 (¥899/年),2026-06-30 00:50:00
BETA2025-0903,beta-1000,B2-公测-0809,unused,,,,,5-公众号长文-138名 (¥899/年),2026-06-30 00:50:00
BETA2025-0904,beta-1000,B2-公测-0809,unused,,,,,5-公众号长文-139名 (¥899/年),2026-06-30 00:50:00
BETA2025-0905,beta-1000,B2-公测-0809,unused,,,,,5-公众号长文-140名 (¥899/年),2026-06-30 00:50:00
BETA2025-0906,beta-1000,B2-公测-0809,unused,,,,,5-公众号长文-141名 (¥899/年),2026-06-30 00:50:00
BETA2025-0907,beta-1000,B2-公测-0809,unused,,,,,5-公众号长文-142名 (¥899/年),2026-06-30 00:50:00
BETA2025-0908,beta-1000,B2-公测-0809,unused,,,,,5-公众号长文-143名 (¥899/年),2026-06-30 00:50:00
BETA2025-0909,beta-1000,B2-公测-0809,unused,,,,,5-公众号长文-144名 (¥899/年),2026-06-30 00:50:00
BETA2025-0910,beta-1000,B2-公测-0809,unused,,,,,5-公众号长文-145名 (¥899/年),2026-06-30 00:50:00
BETA2025-0911,beta-1000,B2-公测-0809,unused,,,,,5-公众号长文-146名 (¥899/年),2026-06-30 00:50:00
BETA2025-0912,beta-1000,B2-公测-0809,unused,,,,,5-公众号长文-147名 (¥899/年),2026-06-30 00:50:00
BETA2025-0913,beta-1000,B2-公测-0809,unused,,,,,5-公众号长文-148名 (¥899/年),2026-06-30 00:50:00
BETA2025-0914,beta-1000,B2-公测-0809,unused,,,,,5-公众号长文-149名 (¥899/年),2026-06-30 00:50:00
BETA2025-0915,beta-1000,B2-公测-0809,unused,,,,,5-公众号长文-150名 (¥899/年),2026-06-30 00:50:00
BETA2025-0916,beta-1000,B2-公测-0809,unused,,,,,5-公众号长文-151名 (¥899/年),2026-06-30 00:50:00
BETA2025-0917,beta-1000,B2-公测-0809,unused,,,,,5-公众号长文-152名 (¥899/年),2026-06-30 00:50:00
BETA2025-0918,beta-1000,B2-公测-0809,unused,,,,,5-公众号长文-153名 (¥899/年),2026-06-30 00:50:00
BETA2025-0919,beta-1000,B2-公测-0809,unused,,,,,5-公众号长文-154名 (¥899/年),2026-06-30 00:50:00
BETA2025-0920,beta-1000,B2-公测-0809,unused,,,,,5-公众号长文-155名 (¥899/年),2026-06-30 00:50:00
BETA2025-0921,beta-1000,B2-公测-0809,unused,,,,,5-公众号长文-156名 (¥899/年),2026-06-30 00:50:00
BETA2025-0922,beta-1000,B2-公测-0809,unused,,,,,5-公众号长文-157名 (¥899/年),2026-06-30 00:50:00
BETA2025-0923,beta-1000,B2-公测-0809,unused,,,,,5-公众号长文-158名 (¥899/年),2026-06-30 00:50:00
BETA2025-0924,beta-1000,B2-公测-0809,unused,,,,,5-公众号长文-159名 (¥899/年),2026-06-30 00:50:00
BETA2025-0925,beta-1000,B2-公测-0809,unused,,,,,5-公众号长文-160名 (¥899/年),2026-06-30 00:50:00
BETA2025-0926,beta-1000,B2-公测-0809,unused,,,,,5-公众号长文-161名 (¥899/年),2026-06-30 00:50:00
BETA2025-0927,beta-1000,B2-公测-0809,unused,,,,,5-公众号长文-162名 (¥899/年),2026-06-30 00:50:00
BETA2025-0928,beta-1000,B2-公测-0809,unused,,,,,5-公众号长文-163名 (¥899/年),2026-06-30 00:50:00
BETA2025-0929,beta-1000,B2-公测-0809,unused,,,,,5-公众号长文-164名 (¥899/年),2026-06-30 00:50:00
BETA2025-0930,beta-1000,B2-公测-0809,unused,,,,,5-公众号长文-165名 (¥899/年),2026-06-30 00:50:00
BETA2025-0931,beta-1000,B2-公测-0809,unused,,,,,5-公众号长文-166名 (¥899/年),2026-06-30 00:50:00
BETA2025-0932,beta-1000,B2-公测-0809,unused,,,,,5-公众号长文-167名 (¥899/年),2026-06-30 00:50:00
BETA2025-0933,beta-1000,B2-公测-0809,unused,,,,,5-公众号长文-168名 (¥899/年),2026-06-30 00:50:00
BETA2025-0934,beta-1000,B2-公测-0809,unused,,,,,5-公众号长文-169名 (¥899/年),2026-06-30 00:50:00
BETA2025-0935,beta-1000,B2-公测-0809,unused,,,,,5-公众号长文-170名 (¥899/年),2026-06-30 00:50:00
BETA2025-0936,beta-1000,B2-公测-0809,unused,,,,,5-公众号长文-171名 (¥899/年),2026-06-30 00:50:00
BETA2025-0937,beta-1000,B2-公测-0809,unused,,,,,5-公众号长文-172名 (¥899/年),2026-06-30 00:50:00
BETA2025-0938,beta-1000,B2-公测-0809,unused,,,,,5-公众号长文-173名 (¥899/年),2026-06-30 00:50:00
BETA2025-0939,beta-1000,B2-公测-0809,unused,,,,,5-公众号长文-174名 (¥899/年),2026-06-30 00:50:00
BETA2025-0940,beta-1000,B2-公测-0809,unused,,,,,5-公众号长文-175名 (¥899/年),2026-06-30 00:50:00
BETA2025-0941,beta-1000,B2-公测-0809,unused,,,,,5-公众号长文-176名 (¥899/年),2026-06-30 00:50:00
BETA2025-0942,beta-1000,B2-公测-0809,unused,,,,,5-公众号长文-177名 (¥899/年),2026-06-30 00:50:00
BETA2025-0943,beta-1000,B2-公测-0809,unused,,,,,5-公众号长文-178名 (¥899/年),2026-06-30 00:50:00
BETA2025-0944,beta-1000,B2-公测-0809,unused,,,,,5-公众号长文-179名 (¥899/年),2026-06-30 00:50:00
BETA2025-0945,beta-1000,B2-公测-0809,unused,,,,,5-公众号长文-180名 (¥899/年),2026-06-30 00:50:00
BETA2025-0946,beta-1000,B2-公测-0809,unused,,,,,5-公众号长文-181名 (¥899/年),2026-06-30 00:50:00
BETA2025-0947,beta-1000,B2-公测-0809,unused,,,,,5-公众号长文-182名 (¥899/年),2026-06-30 00:50:00
BETA2025-0948,beta-1000,B2-公测-0809,unused,,,,,5-公众号长文-183名 (¥899/年),2026-06-30 00:50:00
BETA2025-0949,beta-1000,B2-公测-0809,unused,,,,,5-公众号长文-184名 (¥899/年),2026-06-30 00:50:00
BETA2025-0950,beta-1000,B2-公测-0809,unused,,,,,5-公众号长文-185名 (¥899/年),2026-06-30 00:50:00
BETA2025-0951,beta-1000,B2-公测-0809,unused,,,,,5-公众号长文-186名 (¥899/年),2026-06-30 00:50:00
BETA2025-0952,beta-1000,B2-公测-0809,unused,,,,,5-公众号长文-187名 (¥899/年),2026-06-30 00:50:00
BETA2025-0953,beta-1000,B2-公测-0809,unused,,,,,5-公众号长文-188名 (¥899/年),2026-06-30 00:50:00
BETA2025-0954,beta-1000,B2-公测-0809,unused,,,,,5-公众号长文-189名 (¥899/年),2026-06-30 00:50:00
BETA2025-0955,beta-1000,B2-公测-0809,unused,,,,,5-公众号长文-190名 (¥899/年),2026-06-30 00:50:00
BETA2025-0956,beta-1000,B2-公测-0809,unused,,,,,5-公众号长文-191名 (¥899/年),2026-06-30 00:50:00
BETA2025-0957,beta-1000,B2-公测-0809,unused,,,,,5-公众号长文-192名 (¥899/年),2026-06-30 00:50:00
BETA2025-0958,beta-1000,B2-公测-0809,unused,,,,,5-公众号长文-193名 (¥899/年),2026-06-30 00:50:00
BETA2025-0959,beta-1000,B2-公测-0809,unused,,,,,5-公众号长文-194名 (¥899/年),2026-06-30 00:50:00
BETA2025-0960,beta-1000,B2-公测-0809,unused,,,,,5-公众号长文-195名 (¥899/年),2026-06-30 00:50:00
BETA2025-0961,beta-1000,B2-公测-0809,unused,,,,,5-公众号长文-196名 (¥899/年),2026-06-30 00:50:00
BETA2025-0962,beta-1000,B2-公测-0809,unused,,,,,5-公众号长文-197名 (¥899/年),2026-06-30 00:50:00
BETA2025-0963,beta-1000,B2-公测-0809,unused,,,,,5-公众号长文-198名 (¥899/年),2026-06-30 00:50:00
BETA2025-0964,beta-1000,B2-公测-0809,unused,,,,,5-公众号长文-199名 (¥899/年),2026-06-30 00:50:00
BETA2025-0965,beta-1000,B2-公测-0809,unused,,,,,5-公众号长文-200名 (¥899/年),2026-06-30 00:50:00
BETA2025-0966,beta-1000,B2-公测-0809,unused,,,,,5-公众号长文-201名 (¥899/年),2026-06-30 00:50:00
BETA2025-0967,beta-1000,B2-公测-0809,unused,,,,,5-公众号长文-202名 (¥899/年),2026-06-30 00:50:00
BETA2025-0968,beta-1000,B2-公测-0809,unused,,,,,5-公众号长文-203名 (¥899/年),2026-06-30 00:50:00
BETA2025-0969,beta-1000,B2-公测-0809,unused,,,,,5-公众号长文-204名 (¥899/年),2026-06-30 00:50:00
BETA2025-0970,beta-1000,B2-公测-0809,unused,,,,,5-公众号长文-205名 (¥899/年),2026-06-30 00:50:00
BETA2025-0971,beta-1000,B2-公测-0809,unused,,,,,5-公众号长文-206名 (¥899/年),2026-06-30 00:50:00
BETA2025-0972,beta-1000,B2-公测-0809,unused,,,,,5-公众号长文-207名 (¥899/年),2026-06-30 00:50:00
BETA2025-0973,beta-1000,B2-公测-0809,unused,,,,,5-公众号长文-208名 (¥899/年),2026-06-30 00:50:00
BETA2025-0974,beta-1000,B2-公测-0809,unused,,,,,5-公众号长文-209名 (¥899/年),2026-06-30 00:50:00
BETA2025-0975,beta-1000,B2-公测-0809,unused,,,,,5-公众号长文-210名 (¥899/年),2026-06-30 00:50:00
BETA2025-0976,beta-1000,B2-公测-0809,unused,,,,,5-公众号长文-211名 (¥899/年),2026-06-30 00:50:00
BETA2025-0977,beta-1000,B2-公测-0809,unused,,,,,5-公众号长文-212名 (¥899/年),2026-06-30 00:50:00
BETA2025-0978,beta-1000,B2-公测-0809,unused,,,,,5-公众号长文-213名 (¥899/年),2026-06-30 00:50:00
BETA2025-0979,beta-1000,B2-公测-0809,unused,,,,,5-公众号长文-214名 (¥899/年),2026-06-30 00:50:00
BETA2025-0980,beta-1000,B2-公测-0809,unused,,,,,5-公众号长文-215名 (¥899/年),2026-06-30 00:50:00
BETA2025-0981,beta-1000,B2-公测-0809,unused,,,,,5-公众号长文-216名 (¥899/年),2026-06-30 00:50:00
BETA2025-0982,beta-1000,B2-公测-0809,unused,,,,,5-公众号长文-217名 (¥899/年),2026-06-30 00:50:00
BETA2025-0983,beta-1000,B2-公测-0809,unused,,,,,5-公众号长文-218名 (¥899/年),2026-06-30 00:50:00
BETA2025-0984,beta-1000,B2-公测-0809,unused,,,,,5-公众号长文-219名 (¥899/年),2026-06-30 00:50:00
BETA2025-0985,beta-1000,B2-公测-0809,unused,,,,,5-公众号长文-220名 (¥899/年),2026-06-30 00:50:00
BETA2025-0986,beta-1000,B2-公测-0809,unused,,,,,5-公众号长文-221名 (¥899/年),2026-06-30 00:50:00
BETA2025-0987,beta-1000,B2-公测-0809,unused,,,,,5-公众号长文-222名 (¥899/年),2026-06-30 00:50:00
BETA2025-0988,beta-1000,B2-公测-0809,unused,,,,,5-公众号长文-223名 (¥899/年),2026-06-30 00:50:00
BETA2025-0989,beta-1000,B2-公测-0809,unused,,,,,5-公众号长文-224名 (¥899/年),2026-06-30 00:50:00
BETA2025-0990,beta-1000,B2-公测-0809,unused,,,,,5-公众号长文-225名 (¥899/年),2026-06-30 00:50:00
BETA2025-0991,beta-1000,B2-公测-0809,unused,,,,,5-公众号长文-226名 (¥899/年),2026-06-30 00:50:00
BETA2025-0992,beta-1000,B2-公测-0809,unused,,,,,5-公众号长文-227名 (¥899/年),2026-06-30 00:50:00
BETA2025-0993,beta-1000,B2-公测-0809,unused,,,,,5-公众号长文-228名 (¥899/年),2026-06-30 00:50:00
BETA2025-0994,beta-1000,B2-公测-0809,unused,,,,,5-公众号长文-229名 (¥899/年),2026-06-30 00:50:00
BETA2025-0995,beta-1000,B2-公测-0809,unused,,,,,5-公众号长文-230名 (¥899/年),2026-06-30 00:50:00
BETA2025-0996,beta-1000,B2-公测-0809,unused,,,,,5-公众号长文-231名 (¥899/年),2026-06-30 00:50:00
BETA2025-0997,beta-1000,B2-公测-0809,unused,,,,,5-公众号长文-232名 (¥899/年),2026-06-30 00:50:00
BETA2025-0998,beta-1000,B2-公测-0809,unused,,,,,5-公众号长文-233名 (¥899/年),2026-06-30 00:50:00
BETA2025-0999,beta-1000,B2-公测-0809,unused,,,,,5-公众号长文-234名 (¥899/年),2026-06-30 00:50:00
BETA2025-1000,beta-1000,B2-公测-0809,unused,,,,,5-公众号长文-235名 (¥899/年),2026-06-30 00:50:00
BETA2025-1001,beta-1000,B2-公测-0809,unused,,,,,5-公众号长文-236名 (¥899/年),2026-06-30 00:50:00
BETA2025-1002,beta-1000,B2-公测-0809,unused,,,,,5-公众号长文-237名 (¥899/年),2026-06-30 00:50:00
BETA2025-1003,beta-1000,B2-公测-0809,unused,,,,,5-公众号长文-238名 (¥899/年),2026-06-30 00:50:00
BETA2025-1004,beta-1000,B2-公测-0809,unused,,,,,5-公众号长文-239名 (¥899/年),2026-06-30 00:50:00
BETA2025-1005,beta-1000,B2-公测-0809,unused,,,,,5-公众号长文-240名 (¥899/年),2026-06-30 00:50:00
BETA2025-1006,beta-1000,B2-公测-0809,unused,,,,,5-公众号长文-241名 (¥899/年),2026-06-30 00:50:00
BETA2025-1007,beta-1000,B2-公测-0809,unused,,,,,5-公众号长文-242名 (¥899/年),2026-06-30 00:50:00
BETA2025-1008,beta-1000,B2-公测-0809,unused,,,,,5-公众号长文-243名 (¥899/年),2026-06-30 00:50:00
BETA2025-1009,beta-1000,B2-公测-0809,unused,,,,,5-公众号长文-244名 (¥899/年),2026-06-30 00:50:00
BETA2025-1010,beta-1000,B2-公测-0809,unused,,,,,5-公众号长文-245名 (¥899/年),2026-06-30 00:50:00
BETA2025-1011,beta-1000,B2-公测-0809,unused,,,,,5-公众号长文-246名 (¥899/年),2026-06-30 00:50:00
BETA2025-1012,beta-1000,B2-公测-0809,unused,,,,,5-公众号长文-247名 (¥899/年),2026-06-30 00:50:00
BETA2025-1013,beta-1000,B2-公测-0809,unused,,,,,5-公众号长文-248名 (¥899/年),2026-06-30 00:50:00
BETA2025-1014,beta-1000,B2-公测-0809,unused,,,,,5-公众号长文-249名 (¥899/年),2026-06-30 00:50:00
BETA2025-1015,beta-1000,B2-公测-0809,unused,,,,,5-公众号长文-250名 (¥899/年),2026-06-30 00:50:00
BETA2025-1016,beta-1000,B2-公测-0809,unused,,,,,1-律协推荐-001名 (¥899/年),2026-06-30 00:50:00
BETA2025-1017,beta-1000,B2-公测-0809,unused,,,,,1-律协推荐-002名 (¥899/年),2026-06-30 00:50:00
BETA2025-1018,beta-1000,B2-公测-0809,unused,,,,,1-律协推荐-003名 (¥899/年),2026-06-30 00:50:00
BETA2025-1019,beta-1000,B2-公测-0809,unused,,,,,1-律协推荐-004名 (¥899/年),2026-06-30 00:50:00
BETA2025-1020,beta-1000,B2-公测-0809,unused,,,,,1-律协推荐-005名 (¥899/年),2026-06-30 00:50:00
BETA2025-1021,beta-1000,B2-公测-0809,unused,,,,,1-律协推荐-006名 (¥899/年),2026-06-30 00:50:00
BETA2025-1022,beta-1000,B2-公测-0809,unused,,,,,1-律协推荐-007名 (¥899/年),2026-06-30 00:50:00
BETA2025-1023,beta-1000,B2-公测-0809,unused,,,,,1-律协推荐-008名 (¥899/年),2026-06-30 00:50:00
BETA2025-1024,beta-1000,B2-公测-0809,unused,,,,,1-律协推荐-009名 (¥899/年),2026-06-30 00:50:00
BETA2025-1025,beta-1000,B2-公测-0809,unused,,,,,1-律协推荐-010名 (¥899/年),2026-06-30 00:50:00
BETA2025-1026,beta-1000,B2-公测-0809,unused,,,,,1-律协推荐-011名 (¥899/年),2026-06-30 00:50:00
BETA2025-1027,beta-1000,B2-公测-0809,unused,,,,,1-律协推荐-012名 (¥899/年),2026-06-30 00:50:00
BETA2025-1028,beta-1000,B2-公测-0809,unused,,,,,1-律协推荐-013名 (¥899/年),2026-06-30 00:50:00
BETA2025-1029,beta-1000,B2-公测-0809,unused,,,,,1-律协推荐-014名 (¥899/年),2026-06-30 00:50:00
BETA2025-1030,beta-1000,B2-公测-0809,unused,,,,,1-律协推荐-015名 (¥899/年),2026-06-30 00:50:00
BETA2025-1031,beta-1000,B2-公测-0809,unused,,,,,1-律协推荐-016名 (¥899/年),2026-06-30 00:50:00
BETA2025-1032,beta-1000,B2-公测-0809,unused,,,,,1-律协推荐-017名 (¥899/年),2026-06-30 00:50:00
BETA2025-1033,beta-1000,B2-公测-0809,unused,,,,,1-律协推荐-018名 (¥899/年),2026-06-30 00:50:00
BETA2025-1034,beta-1000,B2-公测-0809,unused,,,,,1-律协推荐-019名 (¥899/年),2026-06-30 00:50:00
BETA2025-1035,beta-1000,B2-公测-0809,unused,,,,,1-律协推荐-020名 (¥899/年),2026-06-30 00:50:00
BETA2025-1036,beta-1000,B2-公测-0809,unused,,,,,1-律协推荐-021名 (¥899/年),2026-06-30 00:50:00
BETA2025-1037,beta-1000,B2-公测-0809,unused,,,,,1-律协推荐-022名 (¥899/年),2026-06-30 00:50:00
BETA2025-1038,beta-1000,B2-公测-0809,unused,,,,,1-律协推荐-023名 (¥899/年),2026-06-30 00:50:00
BETA2025-1039,beta-1000,B2-公测-0809,unused,,,,,1-律协推荐-024名 (¥899/年),2026-06-30 00:50:00
BETA2025-1040,beta-1000,B2-公测-0809,unused,,,,,1-律协推荐-025名 (¥899/年),2026-06-30 00:50:00
BETA2025-1041,beta-1000,B2-公测-0809,unused,,,,,1-律协推荐-026名 (¥899/年),2026-06-30 00:50:00
BETA2025-1042,beta-1000,B2-公测-0809,unused,,,,,1-律协推荐-027名 (¥899/年),2026-06-30 00:50:00
BETA2025-1043,beta-1000,B2-公测-0809,unused,,,,,1-律协推荐-028名 (¥899/年),2026-06-30 00:50:00
BETA2025-1044,beta-1000,B2-公测-0809,unused,,,,,1-律协推荐-029名 (¥899/年),2026-06-30 00:50:00
BETA2025-1045,beta-1000,B2-公测-0809,unused,,,,,1-律协推荐-030名 (¥899/年),2026-06-30 00:50:00
BETA2025-1046,beta-1000,B2-公测-0809,unused,,,,,1-律协推荐-031名 (¥899/年),2026-06-30 00:50:00
BETA2025-1047,beta-1000,B2-公测-0809,unused,,,,,1-律协推荐-032名 (¥899/年),2026-06-30 00:50:00
BETA2025-1048,beta-1000,B2-公测-0809,unused,,,,,1-律协推荐-033名 (¥899/年),2026-06-30 00:50:00
BETA2025-1049,beta-1000,B2-公测-0809,unused,,,,,1-律协推荐-034名 (¥899/年),2026-06-30 00:50:00
BETA2025-1050,beta-1000,B2-公测-0809,unused,,,,,1-律协推荐-035名 (¥899/年),2026-06-30 00:50:00
BETA2025-1051,beta-1000,B2-公测-0809,unused,,,,,1-律协推荐-036名 (¥899/年),2026-06-30 00:50:00
BETA2025-1052,beta-1000,B2-公测-0809,unused,,,,,1-律协推荐-037名 (¥899/年),2026-06-30 00:50:00
BETA2025-1053,beta-1000,B2-公测-0809,unused,,,,,1-律协推荐-038名 (¥899/年),2026-06-30 00:50:00
BETA2025-1054,beta-1000,B2-公测-0809,unused,,,,,1-律协推荐-039名 (¥899/年),2026-06-30 00:50:00
BETA2025-1055,beta-1000,B2-公测-0809,unused,,,,,1-律协推荐-040名 (¥899/年),2026-06-30 00:50:00
BETA2025-1056,beta-1000,B2-公测-0809,unused,,,,,1-律协推荐-041名 (¥899/年),2026-06-30 00:50:00
BETA2025-1057,beta-1000,B2-公测-0809,unused,,,,,1-律协推荐-042名 (¥899/年),2026-06-30 00:50:00
BETA2025-1058,beta-1000,B2-公测-0809,unused,,,,,1-律协推荐-043名 (¥899/年),2026-06-30 00:50:00
BETA2025-1059,beta-1000,B2-公测-0809,unused,,,,,1-律协推荐-044名 (¥899/年),2026-06-30 00:50:00
BETA2025-1060,beta-1000,B2-公测-0809,unused,,,,,1-律协推荐-045名 (¥899/年),2026-06-30 00:50:00
BETA2025-1061,beta-1000,B2-公测-0809,unused,,,,,1-律协推荐-046名 (¥899/年),2026-06-30 00:50:00
BETA2025-1062,beta-1000,B2-公测-0809,unused,,,,,1-律协推荐-047名 (¥899/年),2026-06-30 00:50:00
BETA2025-1063,beta-1000,B2-公测-0809,unused,,,,,1-律协推荐-048名 (¥899/年),2026-06-30 00:50:00
BETA2025-1064,beta-1000,B2-公测-0809,unused,,,,,1-律协推荐-049名 (¥899/年),2026-06-30 00:50:00
BETA2025-1065,beta-1000,B2-公测-0809,unused,,,,,1-律协推荐-050名 (¥899/年),2026-06-30 00:50:00
BETA2025-1066,beta-1000,B2-公测-0809,unused,,,,,1-律协推荐-051名 (¥899/年),2026-06-30 00:50:00
BETA2025-1067,beta-1000,B2-公测-0809,unused,,,,,1-律协推荐-052名 (¥899/年),2026-06-30 00:50:00
BETA2025-1068,beta-1000,B2-公测-0809,unused,,,,,1-律协推荐-053名 (¥899/年),2026-06-30 00:50:00
BETA2025-1069,beta-1000,B2-公测-0809,unused,,,,,1-律协推荐-054名 (¥899/年),2026-06-30 00:50:00
BETA2025-1070,beta-1000,B2-公测-0809,unused,,,,,1-律协推荐-055名 (¥899/年),2026-06-30 00:50:00
BETA2025-1071,beta-1000,B2-公测-0809,unused,,,,,1-律协推荐-056名 (¥899/年),2026-06-30 00:50:00
BETA2025-1072,beta-1000,B2-公测-0809,unused,,,,,1-律协推荐-057名 (¥899/年),2026-06-30 00:50:00
BETA2025-1073,beta-1000,B2-公测-0809,unused,,,,,1-律协推荐-058名 (¥899/年),2026-06-30 00:50:00
BETA2025-1074,beta-1000,B2-公测-0809,unused,,,,,1-律协推荐-059名 (¥899/年),2026-06-30 00:50:00
BETA2025-1075,beta-1000,B2-公测-0809,unused,,,,,1-律协推荐-060名 (¥899/年),2026-06-30 00:50:00
BETA2025-1076,beta-1000,B2-公测-0809,unused,,,,,1-律协推荐-061名 (¥899/年),2026-06-30 00:50:00
BETA2025-1077,beta-1000,B2-公测-0809,unused,,,,,1-律协推荐-062名 (¥899/年),2026-06-30 00:50:00
BETA2025-1078,beta-1000,B2-公测-0809,unused,,,,,1-律协推荐-063名 (¥899/年),2026-06-30 00:50:00
BETA2025-1079,beta-1000,B2-公测-0809,unused,,,,,1-律协推荐-064名 (¥899/年),2026-06-30 00:50:00
BETA2025-1080,beta-1000,B2-公测-0809,unused,,,,,1-律协推荐-065名 (¥899/年),2026-06-30 00:50:00
BETA2025-1081,beta-1000,B2-公测-0809,unused,,,,,1-律协推荐-066名 (¥899/年),2026-06-30 00:50:00
BETA2025-1082,beta-1000,B2-公测-0809,unused,,,,,1-律协推荐-067名 (¥899/年),2026-06-30 00:50:00
BETA2025-1083,beta-1000,B2-公测-0809,unused,,,,,1-律协推荐-068名 (¥899/年),2026-06-30 00:50:00
BETA2025-1084,beta-1000,B2-公测-0809,unused,,,,,1-律协推荐-069名 (¥899/年),2026-06-30 00:50:00
BETA2025-1085,beta-1000,B2-公测-0809,unused,,,,,1-律协推荐-070名 (¥899/年),2026-06-30 00:50:00
BETA2025-1086,beta-1000,B2-公测-0809,unused,,,,,1-律协推荐-071名 (¥899/年),2026-06-30 00:50:00
BETA2025-1087,beta-1000,B2-公测-0809,unused,,,,,1-律协推荐-072名 (¥899/年),2026-06-30 00:50:00
BETA2025-1088,beta-1000,B2-公测-0809,unused,,,,,1-律协推荐-073名 (¥899/年),2026-06-30 00:50:00
BETA2025-1089,beta-1000,B2-公测-0809,unused,,,,,1-律协推荐-074名 (¥899/年),2026-06-30 00:50:00
BETA2025-1090,beta-1000,B2-公测-0809,unused,,,,,1-律协推荐-075名 (¥899/年),2026-06-30 00:50:00
BETA2025-1091,beta-1000,B2-公测-0809,unused,,,,,1-律协推荐-076名 (¥899/年),2026-06-30 00:50:00
BETA2025-1092,beta-1000,B2-公测-0809,unused,,,,,1-律协推荐-077名 (¥899/年),2026-06-30 00:50:00
BETA2025-1093,beta-1000,B2-公测-0809,unused,,,,,1-律协推荐-078名 (¥899/年),2026-06-30 00:50:00
BETA2025-1094,beta-1000,B2-公测-0809,unused,,,,,1-律协推荐-079名 (¥899/年),2026-06-30 00:50:00
BETA2025-1095,beta-1000,B2-公测-0809,unused,,,,,1-律协推荐-080名 (¥899/年),2026-06-30 00:50:00
BETA2025-1096,beta-1000,B2-公测-0809,unused,,,,,1-律协推荐-081名 (¥899/年),2026-06-30 00:50:00
BETA2025-1097,beta-1000,B2-公测-0809,unused,,,,,1-律协推荐-082名 (¥899/年),2026-06-30 00:50:00
BETA2025-1098,beta-1000,B2-公测-0809,unused,,,,,1-律协推荐-083名 (¥899/年),2026-06-30 00:50:00
BETA2025-1099,beta-1000,B2-公测-0809,unused,,,,,1-律协推荐-084名 (¥899/年),2026-06-30 00:50:00
BETA2025-1100,beta-1000,B2-公测-0809,unused,,,,,1-律协推荐-085名 (¥899/年),2026-06-30 00:50:00
BETA2025-1101,beta-1000,B2-公测-0809,unused,,,,,1-律协推荐-086名 (¥899/年),2026-06-30 00:50:00
BETA2025-1102,beta-1000,B2-公测-0809,unused,,,,,1-律协推荐-087名 (¥899/年),2026-06-30 00:50:00
BETA2025-1103,beta-1000,B2-公测-0809,unused,,,,,1-律协推荐-088名 (¥899/年),2026-06-30 00:50:00
BETA2025-1104,beta-1000,B2-公测-0809,unused,,,,,1-律协推荐-089名 (¥899/年),2026-06-30 00:50:00
BETA2025-1105,beta-1000,B2-公测-0809,unused,,,,,1-律协推荐-090名 (¥899/年),2026-06-30 00:50:00
BETA2025-1106,beta-1000,B2-公测-0809,unused,,,,,1-律协推荐-091名 (¥899/年),2026-06-30 00:50:00
BETA2025-1107,beta-1000,B2-公测-0809,unused,,,,,1-律协推荐-092名 (¥899/年),2026-06-30 00:50:00
BETA2025-1108,beta-1000,B2-公测-0809,unused,,,,,1-律协推荐-093名 (¥899/年),2026-06-30 00:50:00
BETA2025-1109,beta-1000,B2-公测-0809,unused,,,,,1-律协推荐-094名 (¥899/年),2026-06-30 00:50:00
BETA2025-1110,beta-1000,B2-公测-0809,unused,,,,,1-律协推荐-095名 (¥899/年),2026-06-30 00:50:00
BETA2025-1111,beta-1000,B2-公测-0809,unused,,,,,1-律协推荐-096名 (¥899/年),2026-06-30 00:50:00
BETA2025-1112,beta-1000,B2-公测-0809,unused,,,,,1-律协推荐-097名 (¥899/年),2026-06-30 00:50:00
BETA2025-1113,beta-1000,B2-公测-0809,unused,,,,,1-律协推荐-098名 (¥899/年),2026-06-30 00:50:00
BETA2025-1114,beta-1000,B2-公测-0809,unused,,,,,1-律协推荐-099名 (¥899/年),2026-06-30 00:50:00
BETA2025-1115,beta-1000,B2-公测-0809,unused,,,,,1-律协推荐-100名 (¥899/年),2026-06-30 00:50:00
